#{"t_start": 1780992508.287843, "env_id": "None"}
r,l,t,task_success,target
-12.820899,80,28.026067,False,carrot
-9.806896,101,47.209592,False,carrot
-5.617976,71,60.530347,False,carrot
-20.712044,133,76.778463,False,carrot
-19.165118,115,90.57761,False,carrot
-27.008949,124,107.114471,False,carrot
-14.882864,122,121.782778,False,carrot
-27.440784,153,139.082031,False,carrot
88.881578,92,150.485962,True,carrot
-8.329691,62,160.983661,False,carrot
-8.725526,102,173.729222,False,carrot
-22.060083,142,190.370687,False,carrot
-29.272313,172,206.289557,False,carrot
-17.108208,152,222.365606,False,carrot
74.292121,169,237.407197,True,carrot
87.022532,118,250.498593,True,carrot
-20.127101,128,268.262934,False,carrot
7.165707,44,276.197184,False,carrot
-21.984862,153,293.503841,False,carrot
-17.829262,131,306.892154,False,carrot
93.753917,117,319.768183,True,carrot
-3.48519,135,335.687929,False,carrot
-19.805799,134,348.527421,False,carrot
-14.530406,84,362.831008,False,carrot
-1.145411,60,371.868639,False,carrot
-8.541137,139,388.923287,False,carrot
99.610167,55,398.525352,True,carrot
7.910618,70,409.318861,False,carrot
1.447298,78,419.762526,False,carrot
-4.429555,84,436.690604,False,carrot
10.339265,46,446.609959,False,carrot
9.155044,38,454.313971,False,carrot
-13.48066,172,470.003708,False,carrot
11.017422,34,478.6005,False,carrot
-13.484881,160,494.901323,False,carrot
7.501298,56,500.947625,False,carrot
10.995214,35,510.042654,False,carrot
6.63065,78,524.158801,False,carrot
96.996622,120,541.681996,True,carrot
1.222263,108,557.544778,False,carrot
10.597588,52,565.112733,False,carrot
-18.594404,165,583.496115,False,carrot
-5.668511,200,598.009432,False,carrot
6.401732,86,608.068726,False,carrot
3.26269,200,623.826897,False,carrot
104.637929,73,636.149306,True,carrot
104.840518,101,651.618105,True,carrot
116.216893,53,663.569805,True,carrot
131.152985,40,672.951729,True,carrot
-0.978148,32,679.860391,False,carrot
-3.535133,99,692.4144,False,carrot
8.652497,39,700.20194,False,carrot
106.491527,70,717.020394,True,carrot
100.86901,128,730.700139,True,carrot
10.189261,57,739.55564,False,carrot
-9.54434,187,755.870751,False,carrot
11.282568,69,763.852938,False,carrot
105.045773,77,772.559664,True,carrot
113.60088,28,779.65779,True,carrot
28.310323,48,786.996193,False,carrot
6.004879,118,803.783063,False,carrot
111.846483,68,815.209503,True,carrot
0.080389,115,825.436438,False,carrot
112.293463,37,834.834668,True,carrot
109.835299,44,845.411402,True,carrot
109.555866,46,852.607456,True,carrot
-6.255975,200,870.936169,False,carrot
1.877344,103,882.934829,False,carrot
-2.751494,66,891.443601,False,carrot
7.342822,83,902.413198,False,carrot
-0.641682,101,919.281978,False,carrot
113.120366,39,929.449409,True,carrot
112.353722,45,937.649457,True,carrot
105.541961,95,948.023513,True,carrot
111.030088,47,957.819705,True,carrot
108.563238,59,965.829716,True,carrot
117.020574,94,974.947886,True,carrot
3.889846,87,984.558012,False,carrot
109.790112,65,996.89394,True,carrot
-1.064247,159,1014.488854,False,carrot
112.081124,40,1023.82242,True,carrot
110.252138,21,1030.70574,True,carrot
10.818986,102,1048.077568,False,carrot
-0.567566,129,1063.453087,False,carrot
4.908507,107,1081.174429,False,carrot
9.024981,127,1097.601036,False,carrot
115.03536,28,1106.992606,True,carrot
109.485321,38,1116.802248,True,carrot
-0.009578,47,1125.455017,False,carrot
117.01442,90,1136.878969,True,carrot
110.406953,144,1154.080541,True,carrot
115.869744,94,1169.31458,True,carrot
15.189909,154,1185.745208,False,carrot
5.961358,151,1206.509537,False,carrot
15.453506,49,1213.652317,False,carrot
4.375473,116,1232.369983,False,carrot
0.437941,121,1254.970131,False,carrot
111.661251,70,1265.594561,True,carrot
113.378466,126,1277.895288,True,carrot
105.531435,82,1292.640185,True,carrot
112.897026,72,1304.81201,True,carrot
109.340902,63,1314.927246,True,carrot
110.686002,132,1328.991024,True,carrot
107.738637,116,1340.007064,True,carrot
9.816503,176,1356.494651,False,carrot
5.546915,144,1373.039855,False,carrot
109.859977,63,1382.277013,True,carrot
115.210039,45,1390.619818,True,carrot
110.742978,95,1400.100058,True,carrot
11.174392,181,1418.150594,False,carrot
9.795424,66,1428.521221,False,carrot
112.182864,80,1446.305467,True,carrot
12.385382,42,1475.477346,False,carrot
127.464965,118,1488.523482,True,carrot
134.87025,83,1498.181959,True,carrot
100.668294,154,1513.437546,True,carrot
16.258113,144,1527.972346,False,carrot
-2.991181,180,1544.34271,False,carrot
-2.288211,193,1561.600078,False,carrot
121.866225,94,1571.418289,True,carrot
112.191634,57,1579.591901,True,carrot
111.835969,59,1588.744465,True,carrot
113.235303,133,1600.218244,True,carrot
111.342696,68,1610.757184,True,carrot
107.90952,66,1621.064724,True,carrot
110.321354,61,1628.835487,True,carrot
114.468878,80,1638.571124,True,carrot
107.943177,52,1646.504453,True,carrot
12.580299,189,1662.745749,False,carrot
21.1967,188,1678.007608,False,carrot
12.495691,55,1686.516225,False,carrot
112.373988,72,1698.022402,True,carrot
139.759147,80,1707.623463,True,carrot
112.297198,100,1719.681457,True,carrot
113.610242,65,1726.920938,True,carrot
111.8595,77,1738.686773,True,carrot
20.700926,183,1755.58942,False,carrot
9.29988,79,1765.437125,False,carrot
116.212561,146,1780.061025,True,carrot
110.261378,94,1790.519872,True,carrot
16.325198,190,1807.185656,False,carrot
11.125863,36,1815.261225,False,carrot
118.956941,123,1827.098872,True,carrot
115.290494,68,1837.657111,True,carrot
120.12677,143,1850.37554,True,carrot
12.293871,87,1860.940237,False,carrot
114.732568,67,1870.08835,True,carrot
19.05435,138,1888.907417,False,carrot
116.884619,92,1907.432408,True,carrot
108.928961,38,1915.216974,True,carrot
113.384195,61,1924.618567,True,carrot
109.274948,165,1938.35666,True,carrot
20.329589,95,1950.119809,False,carrot
132.18919,50,1958.025797,True,carrot
131.120281,77,1966.470857,True,carrot
112.842761,108,1977.838897,True,carrot
132.674557,44,1985.904642,True,carrot
118.612317,71,1995.411773,True,carrot
112.714696,58,2004.144126,True,carrot
115.909165,68,2013.389103,True,carrot
114.958916,59,2021.981502,True,carrot
116.143905,103,2033.411125,True,carrot
110.42725,41,2039.584882,True,carrot
105.842397,52,2047.81249,True,carrot
107.92703,62,2056.105508,True,carrot
112.828617,33,2062.994928,True,carrot
116.429567,128,2077.123254,True,carrot
113.718887,55,2086.574321,True,carrot
16.552829,42,2093.640847,False,carrot
112.352554,43,2104.593095,True,carrot
110.740115,170,2119.412878,True,carrot
110.567007,55,2127.499634,True,carrot
13.60018,189,2143.728871,False,carrot
116.841397,78,2152.642479,True,carrot
110.370723,63,2161.063535,True,carrot
5.255101,140,2174.438246,False,carrot
9.986587,182,2191.369168,False,carrot
116.485049,41,2197.381833,True,carrot
112.695333,43,2205.279904,True,carrot
14.330241,54,2213.918841,False,carrot
117.425963,183,2228.726935,True,carrot
16.984366,82,2238.116845,False,carrot
22.33731,108,2250.776161,False,carrot
12.780949,174,2266.933193,False,carrot
116.039824,56,2274.129917,True,carrot
116.064538,77,2284.789541,True,carrot
12.510675,52,2293.846939,False,carrot
116.382909,52,2301.647205,True,carrot
119.479956,55,2309.663949,True,carrot
111.514408,49,2317.752122,True,carrot
114.478997,39,2325.099971,True,carrot
115.150244,81,2335.51439,True,carrot
117.992508,112,2348.26581,True,carrot
121.836008,149,2362.450004,True,carrot
120.604957,71,2371.443677,True,carrot
115.437736,76,2381.467216,True,carrot
120.200522,85,2391.518682,True,carrot
116.740611,80,2401.080789,True,carrot
109.913035,105,2412.537505,True,carrot
113.884767,181,2427.543753,True,carrot
114.949565,71,2437.713219,True,carrot
112.500342,52,2445.626581,True,carrot
117.309531,71,2455.343842,True,carrot
120.167911,152,2470.402751,True,carrot
112.630056,118,2481.848871,True,carrot
113.459967,64,2490.464953,True,carrot
116.566601,88,2501.27746,True,carrot
111.188087,75,2511.059151,True,carrot
117.484677,88,2521.788477,True,carrot
117.989276,66,2530.206189,True,carrot
133.361176,94,2539.781653,True,carrot
113.17596,66,2547.297501,True,carrot
110.233983,47,2554.423739,True,carrot
136.303701,57,2565.029033,True,carrot
118.866709,164,2579.568837,True,carrot
119.655666,76,2588.688132,True,carrot
112.338441,34,2594.641853,True,carrot
112.509674,112,2604.912846,True,carrot
111.890022,35,2611.986924,True,carrot
109.817626,34,2617.996989,True,carrot
111.141977,39,2625.231246,True,carrot
110.308049,40,2631.450409,True,carrot
115.410486,100,2642.25908,True,carrot
117.035627,68,2650.60066,True,carrot
109.765125,55,2658.124756,True,carrot
117.180768,60,2666.249072,True,carrot
121.576382,173,2681.185332,True,carrot
114.30497,72,2689.781398,True,carrot
114.018863,39,2697.182568,True,carrot
118.223285,85,2706.359814,True,carrot
116.343487,81,2715.404092,True,carrot
117.023371,78,2723.973605,True,carrot
113.093686,59,2731.884803,True,carrot
113.761855,85,2741.264886,True,carrot
30.522622,189,2758.11603,False,carrot
117.309112,117,2769.307052,True,carrot
114.693345,115,2781.695154,True,carrot
139.739291,152,2797.043648,True,carrot
113.722087,90,2806.824452,True,carrot
115.854441,36,2812.956353,True,carrot
116.688413,59,2821.655393,True,carrot
113.521353,81,2831.645122,True,carrot
123.383844,100,2841.631329,True,carrot
112.535895,41,2849.002735,True,carrot
112.171025,32,2855.007773,True,carrot
110.357336,104,2866.306678,True,carrot
27.388687,200,2882.329514,False,carrot
117.941271,155,2896.359966,True,carrot
116.769611,96,2906.252665,True,carrot
128.684157,22,2911.632874,True,carrot
12.749114,69,2920.345203,False,carrot
112.184248,57,2927.853455,True,carrot
115.684327,90,2937.449574,True,carrot
110.680744,30,2943.663594,True,carrot
114.300224,56,2951.713487,True,carrot
117.30766,42,2959.802231,True,carrot
111.976626,35,2966.534205,True,carrot
122.09065,108,2978.227763,True,carrot
116.003392,26,2983.777661,True,carrot
117.967315,73,2992.709082,True,carrot
113.764232,42,2999.521822,True,carrot
117.095623,51,3006.845856,True,carrot
112.150664,45,3014.728488,True,carrot
113.096249,55,3022.702955,True,carrot
114.057286,37,3029.151649,True,carrot
112.377774,34,3035.656642,True,carrot
114.659185,29,3042.006727,True,carrot
12.056615,60,3051.359636,False,carrot
114.026006,39,3058.550461,True,carrot
113.459652,31,3064.938512,True,carrot
117.506045,106,3077.45751,True,carrot
114.817522,35,3083.555908,True,carrot
119.59094,54,3091.33748,True,carrot
118.373448,96,3101.472349,True,carrot
111.244762,91,3111.418558,True,carrot
117.223963,72,3120.446056,True,carrot
108.444531,74,3129.69715,True,carrot
110.481847,87,3138.666646,True,carrot
116.167297,69,3149.103197,True,carrot
119.09941,54,3157.680101,True,carrot
115.947614,49,3164.643457,True,carrot
114.640531,44,3171.778073,True,carrot
115.880863,55,3180.257687,True,carrot
113.043928,26,3186.292213,True,carrot
115.220177,57,3194.241023,True,carrot
116.749122,40,3202.919677,True,carrot
115.922161,70,3211.48678,True,carrot
114.729188,37,3218.513195,True,carrot
114.337202,64,3226.597149,True,carrot
112.343428,30,3232.581306,True,carrot
113.808651,86,3241.278612,True,carrot
117.954804,33,3247.930612,True,carrot
115.081567,44,3254.962367,True,carrot
118.105881,42,3261.840342,True,carrot
114.014006,48,3269.413177,True,carrot
108.395578,56,3277.546046,True,carrot
113.135838,35,3284.010233,True,carrot
120.267831,57,3291.785283,True,carrot
17.225825,98,3302.358581,False,carrot
117.008429,75,3311.858051,True,carrot
113.313251,23,3317.304413,True,carrot
108.823905,35,3323.948242,True,carrot
112.291457,36,3330.416328,True,carrot
113.333078,32,3337.789462,True,carrot
110.917311,36,3344.501981,True,carrot
134.600016,54,3352.411015,True,carrot
109.485635,31,3359.029351,True,carrot
117.092967,75,3368.075647,True,carrot
113.010174,21,3374.71199,True,carrot
108.934733,35,3380.97438,True,carrot
111.824271,41,3387.452339,True,carrot
116.644227,29,3392.86944,True,carrot
108.090278,40,3400.804517,True,carrot
133.359602,47,3407.529677,True,carrot
111.575521,81,3416.98228,True,carrot
111.754047,25,3422.738869,True,carrot
114.477774,143,3436.815422,True,carrot
109.126702,73,3445.494582,True,carrot
114.883056,47,3453.063898,True,carrot
118.163682,43,3460.208266,True,carrot
110.033549,33,3466.979932,True,carrot
112.113447,29,3473.670579,True,carrot
114.958582,38,3481.150266,True,carrot
108.071615,39,3490.983865,True,carrot
114.59682,36,3499.595482,True,carrot
112.278525,45,3512.084657,True,carrot
112.428126,26,3521.473684,True,carrot
114.49493,58,3530.493328,True,carrot
116.506549,65,3541.182555,True,carrot
115.313266,37,3547.60776,True,carrot
114.827248,67,3556.21487,True,carrot
123.469358,60,3564.108672,True,carrot
114.180016,35,3571.642954,True,carrot
15.470906,59,3579.238014,False,carrot
115.7047,40,3586.623387,True,carrot
116.677285,32,3598.721794,True,carrot
114.670718,45,3607.122969,True,carrot
133.088311,48,3615.356915,True,carrot
114.967456,47,3627.219295,True,carrot
112.826498,73,3638.062428,True,carrot
120.194937,52,3649.256061,True,carrot
113.514875,35,3657.339067,True,carrot
119.711107,41,3664.279766,True,carrot
117.753591,93,3676.369145,True,carrot
115.680008,38,3683.583801,True,carrot
116.842371,56,3693.319458,True,carrot
117.100956,33,3700.312311,True,carrot
113.485562,35,3707.827354,True,carrot
134.411801,27,3714.007361,True,carrot
117.110272,37,3721.72672,True,carrot
115.651421,28,3728.303715,True,carrot
113.130449,40,3736.463953,True,carrot
113.999042,35,3743.88239,True,carrot
117.934102,27,3751.27684,True,carrot
114.267414,23,3757.249166,True,carrot
119.203564,164,3773.835697,True,carrot
114.728891,50,3781.773432,True,carrot
110.311114,33,3790.120978,True,carrot
114.501947,50,3799.217227,True,carrot
115.320359,48,3807.836089,True,carrot
114.92759,45,3815.099828,True,carrot
115.791053,56,3823.852877,True,carrot
128.321472,50,3831.842956,True,carrot
117.579851,67,3840.972763,True,carrot
116.398835,27,3847.736488,True,carrot
114.456458,21,3853.383334,True,carrot
110.593889,31,3859.851083,True,carrot
114.91968,29,3866.372884,True,carrot
115.114498,28,3872.938462,True,carrot
113.052243,35,3879.622658,True,carrot
105.73825,73,3889.131943,True,carrot
113.758434,29,3896.410989,True,carrot
13.626242,44,3906.387179,False,carrot
117.004637,44,3914.244929,True,carrot
119.501457,69,3924.284961,True,carrot
115.241646,22,3930.524203,True,carrot
114.426047,52,3937.505633,True,carrot
113.521379,24,3943.858096,True,carrot
113.887204,37,3951.961869,True,carrot
109.246407,68,3961.086388,True,carrot
112.359988,32,3969.150014,True,carrot
114.831516,24,3975.165305,True,carrot
112.456246,29,3981.931818,True,carrot
116.19995,57,3991.358293,True,carrot
114.411092,48,3999.486061,True,carrot
109.955667,37,4006.485206,True,carrot
116.143575,72,4015.558717,True,carrot
112.15674,51,4022.754032,True,carrot
131.88695,57,4031.004573,True,carrot
113.576762,70,4041.901761,True,carrot
116.491514,46,4052.238598,True,carrot
112.846241,48,4060.362244,True,carrot
115.944366,56,4068.743945,True,carrot
115.403235,46,4076.934916,True,carrot
111.422079,39,4084.302002,True,carrot
112.21209,42,4092.381377,True,carrot
109.6057,28,4097.815665,True,carrot
129.9197,37,4105.067083,True,carrot
112.369965,70,4114.387168,True,carrot
118.892079,43,4122.131899,True,carrot
112.560209,50,4130.847042,True,carrot
115.064954,27,4137.423791,True,carrot
116.160446,35,4144.123147,True,carrot
116.950312,68,4153.41515,True,carrot
113.178327,24,4159.456609,True,carrot
120.265579,51,4168.608192,True,carrot
116.075854,25,4175.014167,True,carrot
114.444158,36,4182.877849,True,carrot
113.236259,27,4189.060266,True,carrot
114.057346,32,4196.031557,True,carrot
114.047614,28,4202.995319,True,carrot
116.977211,50,4211.032757,True,carrot
115.242474,48,4218.022341,True,carrot
110.408481,23,4224.454142,True,carrot
127.32445,30,4232.467439,True,carrot
113.467831,42,4239.742949,True,carrot
114.823936,28,4246.727917,True,carrot
114.508248,21,4252.74665,True,carrot
113.638038,35,4259.964954,True,carrot
110.965941,35,4266.512871,True,carrot
114.000207,37,4274.25098,True,carrot
117.505245,32,4282.16385,True,carrot
120.581246,51,4289.906822,True,carrot
111.184325,31,4297.222096,True,carrot
110.527209,44,4304.629997,True,carrot
108.80687,36,4311.806138,True,carrot
118.687645,24,4318.156073,True,carrot
117.452629,27,4324.394949,True,carrot
117.244869,33,4331.074024,True,carrot
109.801871,47,4338.72991,True,carrot
117.539629,30,4346.701878,True,carrot
114.49556,44,4354.132467,True,carrot
111.555779,34,4360.289526,True,carrot
113.237693,32,4368.228914,True,carrot
109.653871,70,4377.976511,True,carrot
112.165056,47,4386.193809,True,carrot
111.179902,68,4395.470777,True,carrot
113.679388,24,4401.71005,True,carrot
116.991248,26,4409.177609,True,carrot
117.880905,28,4415.48672,True,carrot
110.860562,23,4421.539793,True,carrot
134.052921,48,4431.945893,True,carrot
114.281363,23,4437.901988,True,carrot
116.759908,39,4446.379118,True,carrot
113.315311,43,4453.587742,True,carrot
115.171472,33,4460.657441,True,carrot
134.187744,56,4468.463693,True,carrot
130.0706,29,4474.977608,True,carrot
129.165489,43,4483.265113,True,carrot
111.981208,48,4491.038855,True,carrot
117.632907,52,4500.726534,True,carrot
114.107284,16,4506.565476,True,carrot
135.491677,38,4512.500027,True,carrot
114.203412,29,4519.058656,True,carrot
115.977396,37,4525.293018,True,carrot
115.825607,31,4533.756046,True,carrot
110.982423,32,4539.969253,True,carrot
116.418405,42,4548.353493,True,carrot
112.745844,55,4556.524634,True,carrot
115.451673,30,4563.325575,True,carrot
114.839075,23,4570.78923,True,carrot
116.546991,30,4577.039129,True,carrot
115.651267,35,4585.551512,True,carrot
117.071168,32,4593.10919,True,carrot
114.617978,43,4600.466459,True,carrot
133.252673,26,4607.204297,True,carrot
117.667672,36,4615.507129,True,carrot
111.09523,32,4622.281516,True,carrot
113.418571,51,4631.564617,True,carrot
113.663423,36,4638.396347,True,carrot
131.110116,23,4644.546047,True,carrot
112.78965,27,4650.509349,True,carrot
109.637563,39,4658.036375,True,carrot
114.699934,46,4666.589397,True,carrot
107.094733,30,4673.000252,True,carrot
113.128432,30,4680.853713,True,carrot
132.048474,36,4687.592563,True,carrot
112.070537,32,4694.559279,True,carrot
113.09803,27,4701.475242,True,carrot
112.152705,40,4708.589995,True,carrot
113.197284,20,4714.560299,True,carrot
112.22588,26,4721.420396,True,carrot
113.123998,23,4727.418374,True,carrot
113.097478,22,4732.987766,True,carrot
110.599654,22,4739.092601,True,carrot
118.669898,28,4745.536828,True,carrot
118.088393,31,4752.187993,True,carrot
114.547784,33,4758.434191,True,carrot
112.964474,34,4765.284824,True,carrot
118.97918,34,4772.704035,True,carrot
118.36624,35,4779.711619,True,carrot
113.786371,19,4785.716942,True,carrot
130.747414,18,4790.854178,True,carrot
113.680886,21,4796.781465,True,carrot
113.969093,33,4805.279126,True,carrot
114.956039,23,4811.350666,True,carrot
112.759654,23,4818.596107,True,carrot
112.580305,25,4824.745109,True,carrot
127.168433,31,4831.660396,True,carrot
116.886371,14,4836.769354,True,carrot
128.790096,18,4843.218738,True,carrot
129.032757,21,4849.008726,True,carrot
114.130116,25,4854.594502,True,carrot
114.054757,25,4860.811756,True,carrot
113.190608,23,4867.351523,True,carrot
130.435875,22,4875.284413,True,carrot
16.089316,30,4882.000017,False,carrot
116.481579,26,4888.52324,True,carrot
110.684552,23,4894.469465,True,carrot
114.64246,20,4900.283171,True,carrot
131.312105,23,4907.224685,True,carrot
116.45385,29,4913.500305,True,carrot
114.075888,32,4920.503173,True,carrot
114.806383,27,4926.876245,True,carrot
133.307331,23,4932.871876,True,carrot
114.487297,19,4939.985168,True,carrot
113.165049,26,4946.496275,True,carrot
113.779315,18,4953.254297,True,carrot
111.152309,30,4958.691563,True,carrot
115.879427,23,4964.87173,True,carrot
114.109022,29,4971.004315,True,carrot
112.688703,30,4977.599471,True,carrot
109.024713,24,4982.931484,True,carrot
116.62681,25,4989.468417,True,carrot
114.25833,22,4995.696848,True,carrot
129.47378,20,5001.594101,True,carrot
115.295569,18,5007.497968,True,carrot
129.597775,25,5013.51973,True,carrot
117.251253,28,5019.117876,True,carrot
113.37554,19,5024.086738,True,carrot
116.954752,24,5030.208867,True,carrot
112.314338,23,5037.737117,True,carrot
112.511926,23,5043.398232,True,carrot
132.194048,20,5049.627461,True,carrot
111.844783,22,5055.427029,True,carrot
113.618664,20,5061.388064,True,carrot
127.172338,29,5069.026027,True,carrot
115.322597,19,5076.464545,True,carrot
135.757636,23,5085.018883,True,carrot
114.901983,24,5092.949105,True,carrot
115.472597,19,5098.715066,True,carrot
112.075049,21,5105.490309,True,carrot
114.431008,21,5111.227004,True,carrot
111.971993,18,5116.832126,True,carrot
114.999315,17,5122.46965,True,carrot
114.141986,21,5127.467918,True,carrot
113.288664,21,5133.26352,True,carrot
113.46309,19,5139.063274,True,carrot
113.50481,27,5145.191915,True,carrot
136.610315,24,5152.372942,True,carrot
117.815759,23,5158.702831,True,carrot
116.948822,23,5165.014203,True,carrot
131.04554,21,5171.183157,True,carrot
112.925275,20,5177.221388,True,carrot
114.208117,23,5182.986541,True,carrot
110.64682,19,5188.744958,True,carrot
134.369595,27,5195.077081,True,carrot
114.004353,21,5201.774235,True,carrot
114.742018,25,5206.847068,True,carrot
134.191119,27,5212.219398,True,carrot
132.050578,31,5218.634019,True,carrot
113.466371,17,5224.234246,True,carrot
112.47726,24,5231.226907,True,carrot
115.558966,30,5237.040232,True,carrot
113.510055,22,5243.16407,True,carrot
112.818907,24,5249.428543,True,carrot
110.442886,22,5255.830015,True,carrot
115.207172,28,5262.675803,True,carrot
131.763557,20,5268.291221,True,carrot
113.547284,25,5274.473638,True,carrot
129.9865,22,5280.91119,True,carrot
115.581507,21,5286.67684,True,carrot
114.01479,16,5291.519706,True,carrot
114.696371,15,5297.729516,True,carrot
131.609344,20,5304.256367,True,carrot
114.741507,27,5310.009055,True,carrot
131.696194,23,5315.091358,True,carrot
116.3465,18,5322.499174,True,carrot
115.731504,20,5328.184659,True,carrot
116.514048,22,5333.499285,True,carrot
113.530578,25,5339.648152,True,carrot
114.979352,19,5345.629073,True,carrot
114.32588,16,5352.388573,True,carrot
128.74588,18,5358.007893,True,carrot
113.836659,21,5364.146852,True,carrot
116.169968,22,5370.496112,True,carrot
150.820578,34,5379.374423,True,carrot
112.380653,19,5385.777276,True,carrot
111.788506,18,5391.771561,True,carrot
138.340635,26,5398.309148,True,carrot
129.496984,19,5403.645489,True,carrot
134.338519,22,5409.818229,True,carrot
129.837297,23,5418.994567,True,carrot
115.601409,16,5424.772977,True,carrot
131.962597,18,5430.080011,True,carrot
109.638218,21,5435.149536,True,carrot
127.644794,24,5441.461211,True,carrot
108.447146,74,5451.491779,True,carrot
131.0215,18,5457.148975,True,carrot
130.170886,20,5463.08146,True,carrot
113.290314,23,5468.979043,True,carrot
113.554832,18,5474.732567,True,carrot
115.459738,20,5480.654793,True,carrot
114.902626,21,5486.875784,True,carrot
109.797331,32,5494.132249,True,carrot
113.806112,18,5500.14411,True,carrot
118.108482,25,5506.480639,True,carrot
132.094974,30,5515.757623,True,carrot
113.332603,19,5521.289149,True,carrot
111.598153,20,5529.299378,True,carrot
132.697297,20,5535.657564,True,carrot
116.092944,24,5541.937215,True,carrot
114.569156,22,5547.212737,True,carrot
130.285852,26,5553.620436,True,carrot
131.865281,19,5559.418983,True,carrot
128.640566,26,5566.449579,True,carrot
114.456371,16,5571.562685,True,carrot
115.536992,20,5578.605663,True,carrot
148.726026,22,5584.951939,True,carrot
151.448484,20,5590.671137,True,carrot
131.70554,17,5596.44323,True,carrot
153.291766,26,5603.35574,True,carrot
111.83726,30,5609.855658,True,carrot
131.168823,19,5616.231185,True,carrot
115.213557,22,5623.501323,True,carrot
130.03588,17,5628.320858,True,carrot
113.900178,26,5634.44459,True,carrot
116.660052,26,5642.462265,True,carrot
150.67554,19,5648.128973,True,carrot
114.136371,18,5655.334705,True,carrot
132.103557,19,5661.965381,True,carrot
115.439495,18,5668.528756,True,carrot
131.256371,18,5674.034081,True,carrot
135.21944,32,5680.674267,True,carrot
136.096992,20,5686.663002,True,carrot
130.285049,18,5691.805929,True,carrot
113.804048,26,5697.249636,True,carrot
132.04554,16,5704.326496,True,carrot
131.151507,20,5712.953691,True,carrot
131.90554,17,5727.816967,True,carrot
111.459607,16,5734.031469,True,carrot
130.786371,19,5743.17487,True,carrot
131.514048,22,5752.249753,True,carrot
114.202958,27,5758.912558,True,carrot
151.431767,16,5764.708755,True,carrot
116.746371,15,5770.596839,True,carrot
131.666371,17,5778.532376,True,carrot
151.26554,22,5784.340319,True,carrot
134.368493,26,5789.941463,True,carrot
115.338822,22,5796.226744,True,carrot
150.179714,21,5802.575536,True,carrot
112.935049,18,5808.394619,True,carrot
130.149322,19,5814.271918,True,carrot
130.165049,20,5819.845539,True,carrot
151.195383,16,5824.966086,True,carrot
148.225142,53,5834.859576,True,carrot
130.942105,19,5840.814854,True,carrot
116.846007,26,5847.013486,True,carrot
132.285132,44,5854.997305,True,carrot
129.18492,20,5861.439826,True,carrot
131.563557,20,5867.754517,True,carrot
148.172259,17,5873.309665,True,carrot
130.633177,43,5880.092144,True,carrot
147.967992,26,5887.653225,True,carrot
129.184048,34,5896.44066,True,carrot
151.919315,17,5901.977488,True,carrot
130.62588,16,5907.657793,True,carrot
152.86554,18,5912.717006,True,carrot
131.042105,20,5918.44801,True,carrot
129.738823,17,5924.480461,True,carrot
125.527952,40,5932.871835,True,carrot
129.945049,19,5939.256877,True,carrot
110.572074,62,5948.405462,True,carrot
129.135895,26,5955.757044,True,carrot
128.887284,24,5962.038815,True,carrot
115.884832,16,5968.139026,True,carrot
113.89588,23,5974.519044,True,carrot
130.62588,16,5980.836641,True,carrot
128.490274,41,5990.083335,True,carrot
133.442597,21,5995.416388,True,carrot
131.151766,23,6001.68394,True,carrot
151.2265,21,6007.853375,True,carrot
150.047992,19,6015.243078,True,carrot
130.83833,25,6021.364431,True,carrot
116.202597,18,6027.73599,True,carrot
151.039936,24,6035.241929,True,carrot
112.664341,17,6040.883575,True,carrot
127.715049,21,6047.072034,True,carrot
152.731507,21,6053.529674,True,carrot
131.836371,16,6059.290988,True,carrot
114.202105,17,6065.478725,True,carrot
126.035049,33,6072.181911,True,carrot
113.386371,24,6077.692282,True,carrot
129.373557,25,6084.865656,True,carrot
127.273952,24,6092.528705,True,carrot
129.352105,25,6099.294914,True,carrot
114.50833,22,6106.373622,True,carrot
150.591507,22,6112.00706,True,carrot
130.742105,19,6118.847239,True,carrot
131.47554,19,6124.917156,True,carrot
114.997776,17,6130.954325,True,carrot
131.822597,21,6138.131172,True,carrot
149.97554,19,6145.152767,True,carrot
148.822259,17,6151.397637,True,carrot
131.663557,20,6156.864057,True,carrot
132.414048,22,6162.957789,True,carrot
151.64554,21,6168.804925,True,carrot
147.187992,23,6175.195626,True,carrot
115.516371,17,6179.957207,True,carrot
130.359315,18,6185.812689,True,carrot
117.642338,16,6191.599256,True,carrot
130.906371,20,6197.434289,True,carrot
151.83554,20,6203.595011,True,carrot
129.588823,17,6209.256658,True,carrot
111.501986,18,6214.93671,True,carrot
151.33554,20,6221.049753,True,carrot
132.802597,22,6227.214082,True,carrot
131.226371,18,6233.110628,True,carrot
131.49554,18,6239.061105,True,carrot
115.50554,19,6244.25236,True,carrot
166.891767,17,6250.166856,True,carrot
114.664341,22,6256.512282,True,carrot
113.154619,25,6266.452835,True,carrot
130.88554,20,6271.800063,True,carrot
134.543858,119,6286.161489,True,carrot
116.61687,18,6290.974098,True,carrot
130.49554,23,6297.175194,True,carrot
130.742105,19,6302.19742,True,carrot
133.274048,20,6308.066597,True,carrot
132.265281,17,6314.30524,True,carrot
134.01624,25,6320.629602,True,carrot
151.2865,22,6326.588179,True,carrot
128.857992,20,6333.926653,True,carrot
130.11554,23,6340.511604,True,carrot
131.352597,22,6346.615283,True,carrot
112.617331,24,6353.030873,True,carrot
131.032105,18,6358.97524,True,carrot
130.619315,17,6364.475037,True,carrot
146.958823,21,6371.244215,True,carrot
151.54554,21,6377.074547,True,carrot
129.85588,18,6383.07037,True,carrot
129.46588,20,6389.645744,True,carrot
114.122105,17,6396.426642,True,carrot
150.871274,23,6403.143251,True,carrot
115.08588,17,6408.95376,True,carrot
130.865049,16,6416.123369,True,carrot
132.003557,19,6423.98206,True,carrot
132.072597,19,6429.833844,True,carrot
129.94588,18,6435.660165,True,carrot
152.756992,21,6440.795766,True,carrot
132.702338,17,6446.835708,True,carrot
131.002597,22,6452.876161,True,carrot
130.62588,16,6459.080678,True,carrot
130.647776,22,6465.260935,True,carrot
131.376371,18,6470.686055,True,carrot
130.039315,19,6477.397815,True,carrot
132.595008,22,6483.259848,True,carrot
149.279315,18,6491.106707,True,carrot
126.735049,23,6498.072633,True,carrot
150.298225,16,6503.994379,True,carrot
104.343998,54,6512.929845,True,carrot
130.882105,20,6520.210191,True,carrot
132.992338,16,6526.455943,True,carrot
115.376039,20,6533.003598,True,carrot
149.68554,20,6538.756853,True,carrot
130.425049,19,6544.581746,True,carrot
150.115049,21,6550.888355,True,carrot
116.586371,16,6556.135744,True,carrot
127.518823,24,6563.432694,True,carrot
151.375049,17,6568.996375,True,carrot
112.918823,15,6574.073763,True,carrot
132.04554,16,6582.25266,True,carrot
132.103557,19,6588.88991,True,carrot
152.194669,25,6595.229852,True,carrot
145.465049,26,6601.615482,True,carrot
129.50588,19,6607.768347,True,carrot
130.742105,19,6612.922396,True,carrot
131.322105,17,6618.879782,True,carrot
131.523557,21,6625.328589,True,carrot
131.528563,21,6631.388048,True,carrot
132.502597,17,6637.604327,True,carrot
130.62588,16,6644.592309,True,carrot
133.445024,25,6651.588044,True,carrot
150.215049,21,6657.446102,True,carrot
130.54554,21,6664.110585,True,carrot
130.022105,27,6670.381247,True,carrot
112.592597,21,6675.60122,True,carrot
132.502597,17,6681.422172,True,carrot
131.46554,18,6686.955721,True,carrot
147.785049,23,6693.400987,True,carrot
150.833217,35,6700.412489,True,carrot
130.836371,19,6705.99127,True,carrot
129.75246,21,6713.028761,True,carrot
131.517172,24,6719.361936,True,carrot
115.113742,20,6725.389244,True,carrot
128.885049,23,6731.029638,True,carrot
137.550015,21,6736.998586,True,carrot
133.538563,19,6743.313597,True,carrot
129.828823,16,6749.293407,True,carrot
111.559495,23,6755.924571,True,carrot
130.615049,16,6761.903501,True,carrot
133.254048,20,6767.746507,True,carrot
135.542597,21,6773.890406,True,carrot
128.908823,19,6778.975332,True,carrot
147.495049,19,6788.066702,True,carrot
169.629444,21,6799.691018,True,carrot
114.176378,17,6806.045798,True,carrot
151.528484,19,6812.937691,True,carrot
131.042105,20,6819.374984,True,carrot
133.304048,20,6825.330485,True,carrot
132.443557,19,6831.652146,True,carrot
132.792597,16,6837.796042,True,carrot
132.013557,20,6843.956609,True,carrot
136.649315,15,6849.846055,True,carrot
131.813557,20,6855.370511,True,carrot
148.987992,23,6863.017204,True,carrot
132.222597,19,6868.124824,True,carrot
115.824341,18,6874.40131,True,carrot
131.793952,21,6881.091576,True,carrot
151.2665,22,6888.55311,True,carrot
130.62588,16,6894.358484,True,carrot
130.98554,20,6901.667732,True,carrot
130.33588,17,6908.400797,True,carrot
152.927952,22,6914.83779,True,carrot
130.442105,21,6921.308563,True,carrot
128.396371,29,6926.905335,True,carrot
149.7265,21,6933.553604,True,carrot
131.60554,17,6939.024747,True,carrot
133.719911,25,6945.383866,True,carrot
130.062105,21,6951.866661,True,carrot
130.235049,18,6958.621682,True,carrot
112.323978,17,6964.258033,True,carrot
128.57588,21,6971.343144,True,carrot
133.967042,22,6977.339117,True,carrot
129.63588,21,6983.93244,True,carrot
130.33588,17,6990.182311,True,carrot
132.159782,25,6996.456234,True,carrot
130.049315,20,7002.819091,True,carrot
131.623557,21,7012.20603,True,carrot
150.5065,24,7018.684754,True,carrot
113.936378,23,7026.979656,True,carrot
131.259782,26,7033.359506,True,carrot
148.7565,31,7040.571211,True,carrot
131.813557,20,7047.237944,True,carrot
131.813557,20,7053.630915,True,carrot
130.84554,21,7060.123841,True,carrot
131.813557,20,7065.685496,True,carrot
130.130566,20,7072.021646,True,carrot
150.9965,23,7077.463936,True,carrot
130.281767,18,7083.310576,True,carrot
150.15554,19,7089.499031,True,carrot
150.9965,23,7095.933746,True,carrot
130.092105,25,7102.257605,True,carrot
116.831105,21,7108.512999,True,carrot
131.022105,19,7114.741125,True,carrot
131.39833,21,7121.291142,True,carrot
132.093557,20,7128.032137,True,carrot
131.523557,21,7133.324481,True,carrot
131.27554,24,7138.890743,True,carrot
114.922597,19,7145.120903,True,carrot
3.003557,21,7151.310566,False,carrot
132.393557,18,7158.423498,True,carrot
133.274048,20,7164.611362,True,carrot
149.848823,18,7172.878524,True,carrot
132.093557,20,7178.276841,True,carrot
133.430015,26,7184.867044,True,carrot
129.40588,19,7190.82775,True,carrot
116.280613,19,7197.735217,True,carrot
131.302105,19,7205.815787,True,carrot
130.762105,20,7211.605728,True,carrot
129.878823,16,7218.061182,True,carrot
131.202597,22,7224.613724,True,carrot
130.62588,16,7230.69056,True,carrot
152.036992,24,7237.66355,True,carrot
130.976371,18,7243.427939,True,carrot
127.937992,23,7250.442278,True,carrot
131.782597,20,7256.306141,True,carrot
132.189782,24,7262.750123,True,carrot
127.705049,20,7268.93483,True,carrot
131.32554,19,7275.008801,True,carrot
151.10554,22,7281.297897,True,carrot
128.330275,25,7288.993512,True,carrot
148.8965,23,7295.283951,True,carrot
16.994048,20,7301.289686,False,carrot
131.21554,20,7307.18301,True,carrot
130.742105,19,7313.073284,True,carrot
115.991105,25,7318.922651,True,carrot
130.892105,19,7325.039202,True,carrot
129.387992,20,7331.116859,True,carrot
147.961767,16,7336.359947,True,carrot
148.505049,20,7343.017962,True,carrot
132.093557,20,7348.841514,True,carrot
129.995049,19,7356.702908,True,carrot
129.878823,16,7363.199745,True,carrot
129.975049,21,7369.226283,True,carrot
130.722105,21,7375.637866,True,carrot
112.381839,19,7381.431296,True,carrot
147.623217,49,7389.265215,True,carrot
132.994048,20,7395.587522,True,carrot
131.813557,20,7403.356843,True,carrot
132.103557,19,7409.559024,True,carrot
150.26554,18,7415.486521,True,carrot
131.813557,20,7422.505499,True,carrot
132.103557,19,7427.889274,True,carrot
130.32588,18,7432.87145,True,carrot
132.974048,22,7438.686898,True,carrot
112.682439,19,7444.861767,True,carrot
129.041008,21,7451.222122,True,carrot
130.492105,19,7457.276633,True,carrot
131.06554,20,7463.370542,True,carrot
133.358563,19,7469.3736,True,carrot
129.945049,19,7475.65337,True,carrot
131.283557,27,7482.349888,True,carrot
131.423557,21,7488.493308,True,carrot
131.922597,19,7494.259613,True,carrot
130.602105,25,7500.90538,True,carrot
133.284048,19,7508.043459,True,carrot
130.7765,21,7513.754243,True,carrot
130.435049,18,7519.292405,True,carrot
130.112105,21,7524.643969,True,carrot
132.212597,18,7530.651825,True,carrot
130.35588,18,7536.602706,True,carrot
132.383557,19,7543.035875,True,carrot
129.621008,24,7549.497134,True,carrot
129.945049,19,7555.276252,True,carrot
131.312105,18,7561.593642,True,carrot
150.5565,24,7568.145313,True,carrot
131.282105,18,7574.35799,True,carrot
128.975049,17,7580.587781,True,carrot
131.052105,19,7589.181179,True,carrot
131.322105,17,7595.183495,True,carrot
149.029315,18,7601.065479,True,carrot
129.275049,22,7606.813768,True,carrot
151.5765,21,7612.408733,True,carrot
149.585049,18,7618.692588,True,carrot
131.032105,18,7624.594661,True,carrot
131.813557,20,7631.022905,True,carrot
132.812597,17,7636.71164,True,carrot
130.235049,18,7642.306228,True,carrot
131.793557,22,7648.473041,True,carrot
132.922105,19,7654.324924,True,carrot
130.575049,17,7660.330097,True,carrot
115.333557,22,7667.291356,True,carrot
131.40554,19,7673.998286,True,carrot
129.645049,23,7679.851219,True,carrot
151.54554,21,7685.875428,True,carrot
130.592105,21,7691.827988,True,carrot
136.94033,25,7698.363308,True,carrot
131.348823,18,7704.15428,True,carrot
132.04655,23,7710.505795,True,carrot
151.194218,24,7717.055661,True,carrot
149.486992,31,7723.820542,True,carrot
127.988823,17,7729.932891,True,carrot
131.032105,18,7736.255874,True,carrot
149.925049,22,7742.619847,True,carrot
149.8665,20,7748.928487,True,carrot
136.138563,22,7755.342301,True,carrot
130.162105,21,7761.383492,True,carrot
130.513557,20,7766.843087,True,carrot
130.235049,18,7772.692857,True,carrot
131.813557,20,7778.085078,True,carrot
132.179782,23,7784.37844,True,carrot
150.795049,19,7790.427309,True,carrot
111.812105,26,7797.120134,True,carrot
129.588823,17,7803.75925,True,carrot
131.473557,21,7812.137375,True,carrot
133.284048,19,7818.448744,True,carrot
130.593557,23,7825.078372,True,carrot
131.032105,18,7831.10515,True,carrot
129.571008,19,7837.064013,True,carrot
147.913998,22,7842.475843,True,carrot
128.799315,17,7848.33871,True,carrot
131.44554,18,7854.118456,True,carrot
130.33588,17,7860.364778,True,carrot
132.812597,17,7866.296249,True,carrot
131.577823,23,7872.393071,True,carrot
151.5765,21,7877.847385,True,carrot
149.8165,22,7882.815256,True,carrot
147.155049,20,7888.993127,True,carrot
115.262105,18,7894.774528,True,carrot
131.523557,21,7900.680422,True,carrot
129.617727,17,7908.498925,True,carrot
132.994048,20,7916.569487,True,carrot
132.92655,21,7924.734716,True,carrot
130.151008,17,7930.956872,True,carrot
168.699444,25,7937.452147,True,carrot
113.369495,19,7945.282855,True,carrot
131.322105,17,7952.066792,True,carrot
131.472105,17,7958.146421,True,carrot
131.523557,21,7964.478843,True,carrot
129.605049,20,7970.310385,True,carrot
150.616992,22,7976.128024,True,carrot
149.7165,22,7982.392212,True,carrot
131.803557,21,7989.235595,True,carrot
132.362597,18,7994.580232,True,carrot
132.754048,21,8000.245377,True,carrot
132.304048,23,8006.837212,True,carrot
129.018823,20,8013.208391,True,carrot
131.546371,17,8019.334629,True,carrot
131.91554,19,8024.913012,True,carrot
132.103557,19,8032.114945,True,carrot
133.284048,19,8038.133502,True,carrot
131.813557,20,8044.087663,True,carrot
152.706992,21,8050.149882,True,carrot
131.70655,24,8057.514752,True,carrot
129.532105,23,8063.59583,True,carrot
131.472105,22,8070.071003,True,carrot
152.689494,22,8076.38518,True,carrot
142.70554,62,8085.583372,True,carrot
129.867322,23,8091.805191,True,carrot
130.802105,19,8097.659544,True,carrot
152.1565,19,8103.793954,True,carrot
114.266371,17,8109.664524,True,carrot
149.557992,22,8117.85134,True,carrot
130.285049,18,8124.12342,True,carrot
129.265049,21,8130.454714,True,carrot
131.032105,18,8137.083193,True,carrot
130.33554,22,8144.979519,True,carrot
148.215049,21,8151.126013,True,carrot
131.03554,20,8157.645577,True,carrot
129.365049,21,8164.257542,True,carrot
129.422105,24,8170.129021,True,carrot
148.548823,18,8176.326994,True,carrot
133.144048,20,8182.658453,True,carrot
130.529315,19,8189.435106,True,carrot
133.004048,22,8195.34178,True,carrot
132.153557,20,8202.031274,True,carrot
130.095049,19,8207.646362,True,carrot
132.103557,19,8214.361864,True,carrot
130.769315,17,8220.021438,True,carrot
131.233557,22,8226.937478,True,carrot
113.573952,19,8234.03559,True,carrot
150.505049,20,8240.2929,True,carrot
151.2365,22,8245.981051,True,carrot
132.393557,18,8252.74476,True,carrot
147.205049,20,8258.584141,True,carrot
114.366371,17,8264.802105,True,carrot
150.7165,25,8271.570976,True,carrot
129.695049,21,8279.645082,True,carrot
152.839494,27,8286.363331,True,carrot
131.022105,19,8292.731558,True,carrot
132.418563,22,8300.033198,True,carrot
132.393557,18,8305.05213,True,carrot
129.123952,18,8312.02635,True,carrot
132.950015,26,8319.794156,True,carrot
132.393557,18,8325.483199,True,carrot
133.827042,23,8331.726476,True,carrot
132.103557,19,8337.78338,True,carrot
131.813557,20,8344.408691,True,carrot
132.103557,19,8349.505387,True,carrot
131.813557,20,8356.53825,True,carrot
150.1365,21,8363.302108,True,carrot
130.135049,20,8369.803924,True,carrot
151.8565,21,8375.96203,True,carrot
129.588823,17,8380.941489,True,carrot
147.285049,20,8386.78097,True,carrot
132.103557,19,8392.979059,True,carrot
129.515049,21,8400.168648,True,carrot
133.144048,20,8405.987363,True,carrot
152.839494,22,8412.617318,True,carrot
129.45588,19,8418.903302,True,carrot
130.692105,19,8425.062522,True,carrot
132.92655,21,8431.255983,True,carrot
132.103557,19,8439.223825,True,carrot
152.839494,22,8445.468518,True,carrot
130.62588,16,8451.408775,True,carrot
149.635049,23,8457.154106,True,carrot
132.253557,19,8463.904012,True,carrot
130.791588,21,8470.707346,True,carrot
130.235049,18,8476.443626,True,carrot
151.306992,23,8482.655806,True,carrot
152.756992,21,8488.836544,True,carrot
131.813557,20,8494.426983,True,carrot
133.284048,19,8500.486901,True,carrot
114.378823,16,8506.525038,True,carrot
130.361274,22,8512.062139,True,carrot
152.689494,22,8518.264848,True,carrot
149.2865,22,8524.978945,True,carrot
129.442105,29,8531.255094,True,carrot
132.564048,22,8537.70957,True,carrot
131.022105,19,8544.990189,True,carrot
152.586992,25,8552.177007,True,carrot
149.8665,20,8557.884867,True,carrot
131.22246,18,8564.170827,True,carrot
152.906992,21,8570.134871,True,carrot
149.83554,20,8576.365017,True,carrot
132.083557,21,8582.14224,True,carrot
130.452105,20,8587.818837,True,carrot
131.233557,22,8594.386375,True,carrot
131.906992,23,8602.387119,True,carrot
130.04588,18,8608.459942,True,carrot
132.093557,20,8615.753373,True,carrot
131.473557,21,8621.973747,True,carrot
132.103557,19,8628.001174,True,carrot
133.284048,19,8634.027043,True,carrot
133.827042,23,8640.745172,True,carrot
131.963557,20,8646.981032,True,carrot
132.253557,19,8653.19313,True,carrot
130.602105,20,8659.295606,True,carrot
131.813557,20,8665.001573,True,carrot
130.235049,18,8671.035072,True,carrot
151.5765,21,8677.546216,True,carrot
131.993557,20,8685.301079,True,carrot
131.37588,20,8691.064707,True,carrot
133.284048,21,8697.285351,True,carrot
128.329466,31,8703.815381,True,carrot
132.92655,21,8709.975591,True,carrot
130.67246,20,8715.930276,True,carrot
132.253557,19,8722.364473,True,carrot
131.673557,21,8729.109259,True,carrot
133.274048,20,8735.032234,True,carrot
129.680275,20,8741.508702,True,carrot
133.434048,19,8747.720536,True,carrot
128.011789,17,8753.012885,True,carrot
132.20655,24,8759.333128,True,carrot
130.235049,18,8765.15824,True,carrot
130.663557,30,8772.84688,True,carrot
130.235049,18,8778.725296,True,carrot
131.462105,23,8784.054171,True,carrot
131.813557,20,8790.140051,True,carrot
130.575049,17,8796.659635,True,carrot
130.525049,17,8803.163868,True,carrot
131.963557,20,8809.296549,True,carrot
130.34246,22,8815.821809,True,carrot
132.984048,21,8821.197323,True,carrot
132.103557,19,8827.414342,True,carrot
131.872597,19,8834.162396,True,carrot
132.103557,19,8840.104007,True,carrot
150.8565,29,8846.867627,True,carrot
130.77554,28,8853.399003,True,carrot
151.97554,19,8859.806854,True,carrot
131.322105,17,8865.454689,True,carrot
131.383557,22,8871.00938,True,carrot
131.74554,18,8876.24025,True,carrot
130.57246,20,8882.266135,True,carrot
132.253557,24,8890.287166,True,carrot
150.505049,20,8897.012114,True,carrot
115.70588,14,8902.987014,True,carrot
131.423557,21,8908.345584,True,carrot
149.345404,30,8915.272953,True,carrot
130.509315,18,8921.229684,True,carrot
131.322105,17,8928.236459,True,carrot
131.813557,20,8934.536386,True,carrot
129.145049,19,8940.46902,True,carrot
151.8665,20,8946.48214,True,carrot
131.182105,18,8953.689327,True,carrot
132.984048,21,8959.82886,True,carrot
132.92655,21,8966.164696,True,carrot
132.994048,20,8971.453817,True,carrot
129.565404,22,8978.213023,True,carrot
130.93246,19,8984.208852,True,carrot
151.046992,20,8989.83784,True,carrot
131.813557,20,8996.280743,True,carrot
150.756992,21,9002.898735,True,carrot
131.21246,19,9008.964123,True,carrot
131.523557,21,9015.570594,True,carrot
148.8565,29,9023.034844,True,carrot
114.952439,17,9029.027613,True,carrot
134.660274,25,9034.606742,True,carrot
130.62588,16,9039.349889,True,carrot
149.075049,19,9047.360997,True,carrot
131.08246,24,9054.085159,True,carrot
113.271008,18,9059.865738,True,carrot
132.393557,18,9065.882312,True,carrot
131.322105,17,9071.78292,True,carrot
151.1465,23,9078.668964,True,carrot
130.93246,19,9084.724215,True,carrot
132.694048,22,9090.253651,True,carrot
153.179494,21,9095.700896,True,carrot
129.995049,19,9101.632433,True,carrot
131.733557,21,9109.062798,True,carrot
130.62588,16,9114.997621,True,carrot
146.991767,17,9121.312233,True,carrot
111.12246,23,9126.914187,True,carrot
132.739782,23,9133.695428,True,carrot
129.693952,16,9139.095442,True,carrot
127.955049,20,9145.003163,True,carrot
151.5765,21,9151.437582,True,carrot
151.085049,18,9158.023565,True,carrot
131.922597,19,9164.474655,True,carrot
129.995049,19,9169.839421,True,carrot
131.813557,20,9175.147039,True,carrot
132.103557,19,9181.433158,True,carrot
132.093557,20,9187.55343,True,carrot
133.274048,20,9194.491643,True,carrot
115.506371,16,9199.426304,True,carrot
132.093557,20,9205.431673,True,carrot
131.069315,18,9211.924342,True,carrot
133.284048,19,9217.134495,True,carrot
128.375404,23,9223.504168,True,carrot
152.979494,21,9229.696902,True,carrot
150.564218,27,9237.524158,True,carrot
151.960767,20,9245.069493,True,carrot
133.846992,20,9251.510555,True,carrot
127.350958,21,9258.045692,True,carrot
132.103557,19,9263.981169,True,carrot
131.163557,20,9270.206561,True,carrot
132.103557,19,9276.544584,True,carrot
117.891105,19,9282.561027,True,carrot
171.129936,20,9287.944485,True,carrot
127.288823,19,9295.391738,True,carrot
130.35246,21,9301.575444,True,carrot
132.083557,21,9306.522923,True,carrot
131.813557,20,9312.705101,True,carrot
130.135049,20,9318.716974,True,carrot
133.314048,19,9324.780264,True,carrot
131.963557,20,9330.07737,True,carrot
132.103557,19,9336.271218,True,carrot
148.368823,20,9342.60906,True,carrot
130.752105,25,9358.852209,True,carrot
130.285049,18,9365.384255,True,carrot
131.963557,20,9372.132417,True,carrot
128.233557,37,9378.796192,True,carrot
131.115454,24,9385.514008,True,carrot
151.252726,32,9393.843753,True,carrot
151.8665,20,9399.961371,True,carrot
131.725454,24,9407.078891,True,carrot
132.393557,18,9413.388195,True,carrot
132.212597,18,9419.118261,True,carrot
132.103557,19,9425.901004,True,carrot
116.596371,15,9431.7942,True,carrot
132.103557,19,9438.00278,True,carrot
130.48588,17,9444.698121,True,carrot
130.23588,22,9450.726997,True,carrot
131.322105,17,9456.569372,True,carrot
150.995404,21,9464.081466,True,carrot
132.09655,23,9469.227256,True,carrot
113.207727,16,9475.398945,True,carrot
133.024048,20,9483.185687,True,carrot
151.326992,20,9488.931634,True,carrot
131.813557,20,9494.749683,True,carrot
132.95655,21,9500.608317,True,carrot
132.443557,19,9507.165575,True,carrot
150.1565,19,9513.495846,True,carrot
132.093557,20,9519.585551,True,carrot
133.21655,20,9525.465567,True,carrot
151.6065,21,9531.725844,True,carrot
130.976371,18,9538.017742,True,carrot
153.316992,21,9544.055903,True,carrot
151.8665,20,9551.455716,True,carrot
150.985404,19,9558.011335,True,carrot
133.314048,19,9563.741528,True,carrot
130.760921,29,9571.927388,True,carrot
130.62588,16,9577.563617,True,carrot
130.285049,18,9583.563301,True,carrot
130.98246,20,9589.897052,True,carrot
133.144048,20,9595.904236,True,carrot
169.919444,20,9602.077953,True,carrot
132.543557,23,9608.639025,True,carrot
151.8565,21,9615.906139,True,carrot
130.465049,18,9621.578413,True,carrot
132.103557,19,9627.964652,True,carrot
151.8565,21,9633.797053,True,carrot
133.21655,20,9639.797012,True,carrot
149.708823,19,9646.107466,True,carrot
148.405404,21,9652.795784,True,carrot
131.382105,17,9659.35713,True,carrot
130.575049,17,9666.417297,True,carrot
131.813557,20,9672.56932,True,carrot
132.03554,17,9681.166481,True,carrot
133.134048,21,9688.551734,True,carrot
151.036992,21,9694.078477,True,carrot
131.833557,21,9700.218413,True,carrot
132.103557,19,9706.660098,True,carrot
129.164783,17,9713.326356,True,carrot
133.21655,20,9719.386088,True,carrot
116.596371,15,9724.676502,True,carrot
132.103557,19,9730.645162,True,carrot
132.133557,19,9739.096919,True,carrot
132.974048,20,9746.091195,True,carrot
132.103557,19,9752.384013,True,carrot
133.284048,19,9758.928189,True,carrot
149.085049,18,9765.241415,True,carrot
146.47067,17,9771.497573,True,carrot
132.393557,18,9778.003234,True,carrot
132.753914,29,9785.152766,True,carrot
132.245281,16,9791.025077,True,carrot
150.795049,19,9797.591046,True,carrot
152.756992,21,9803.986898,True,carrot
132.393557,18,9810.063153,True,carrot
131.84246,20,9816.666879,True,carrot
129.571008,19,9823.502587,True,carrot
149.31583,20,9830.443207,True,carrot
132.39655,23,9836.852263,True,carrot
132.103557,19,9843.063672,True,carrot
131.803557,21,9849.327971,True,carrot
131.516371,17,9856.002086,True,carrot
130.941274,20,9862.413608,True,carrot
149.5765,21,9868.805039,True,carrot
129.433557,36,9877.024432,True,carrot
132.103557,19,9883.228555,True,carrot
132.052105,20,9889.685412,True,carrot
151.999494,25,9896.206572,True,carrot
132.103557,19,9903.00412,True,carrot
153.336992,19,9908.591836,True,carrot
131.263557,22,9914.342253,True,carrot
149.8865,21,9920.208898,True,carrot
131.963557,20,9926.533922,True,carrot
125.18588,46,9934.566975,True,carrot
130.275049,19,9940.793032,True,carrot
112.204783,16,9946.709626,True,carrot
131.032105,18,9952.748593,True,carrot
133.21655,20,9959.354507,True,carrot
129.886371,19,9965.946041,True,carrot
132.92655,21,9971.639432,True,carrot
132.093557,20,9977.223571,True,carrot
169.919444,20,9984.129329,True,carrot
131.032105,18,9989.345179,True,carrot
131.523557,21,9995.549494,True,carrot
131.655454,21,10001.417245,True,carrot
131.813557,20,10008.409901,True,carrot
130.64246,20,10013.989774,True,carrot
132.533557,24,10021.787024,True,carrot
129.639466,20,10027.541222,True,carrot
152.1565,19,10032.408751,True,carrot
131.223557,23,10040.203705,True,carrot
131.813557,20,10046.304661,True,carrot
153.655719,24,10052.314959,True,carrot
152.1465,20,10059.455183,True,carrot
134.09655,28,10065.722408,True,carrot
133.284048,19,10070.866108,True,carrot
132.103557,19,10077.232504,True,carrot
130.479315,18,10083.500513,True,carrot
151.005404,20,10089.951369,True,carrot
131.863557,25,10096.099538,True,carrot
149.8665,20,10101.912901,True,carrot
133.837042,23,10107.632089,True,carrot
115.839315,16,10112.211101,True,carrot
132.103557,19,10118.108863,True,carrot
151.808397,21,10123.970942,True,carrot
133.524048,20,10130.011491,True,carrot
131.813557,20,10136.34983,True,carrot
132.103557,19,10142.4442,True,carrot
134.397042,20,10148.481779,True,carrot
131.813557,20,10153.755639,True,carrot
131.54833,26,10160.323743,True,carrot
132.63655,22,10166.638159,True,carrot
130.64246,20,10171.651812,True,carrot
133.364048,23,10178.263676,True,carrot
129.81246,22,10184.584694,True,carrot
133.024048,20,10190.421033,True,carrot
132.514048,27,10197.830822,True,carrot
115.532439,20,10203.493146,True,carrot
147.205049,20,10208.669442,True,carrot
151.8665,20,10215.355505,True,carrot
130.769315,17,10221.077254,True,carrot
170.746161,31,10227.855863,True,carrot
132.642597,23,10233.148721,True,carrot
131.755454,21,10238.961482,True,carrot
130.93246,19,10244.765868,True,carrot
148.405404,21,10251.01181,True,carrot
115.674341,18,10256.032238,True,carrot
131.853557,19,10262.202135,True,carrot
130.437331,21,10268.768858,True,carrot
132.103557,19,10275.855082,True,carrot
132.103557,19,10285.466663,True,carrot
149.5765,21,10290.643156,True,carrot
131.755454,21,10297.667874,True,carrot
130.35246,21,10311.283075,True,carrot
132.66655,22,10320.042996,True,carrot
133.21655,20,10327.255385,True,carrot
131.8965,23,10333.54157,True,carrot
152.979494,21,10340.19872,True,carrot
131.383557,22,10347.663467,True,carrot
153.046992,20,10354.070168,True,carrot
131.694048,30,10363.212876,True,carrot
150.776992,22,10371.103374,True,carrot
131.989782,24,10379.211144,True,carrot
132.92655,21,10388.595011,True,carrot
132.393557,18,10400.846298,True,carrot
131.516371,17,10406.864242,True,carrot
131.813557,20,10412.408681,True,carrot
132.003557,24,10419.246147,True,carrot
131.465454,22,10426.81259,True,carrot
131.963557,25,10432.706821,True,carrot
153.744177,28,10439.613006,True,carrot
131.81655,25,10450.234323,True,carrot
132.393557,18,10459.228553,True,carrot
132.92655,21,10466.314541,True,carrot
131.663557,22,10472.361041,True,carrot
132.123557,20,10478.236752,True,carrot
131.815454,21,10486.447695,True,carrot
130.45246,22,10493.316997,True,carrot
129.705049,20,10500.535243,True,carrot
131.75554,17,10507.586219,True,carrot
132.92655,21,10519.333928,True,carrot
131.543557,22,10525.850766,True,carrot
132.49655,23,10533.167006,True,carrot
151.046992,20,10538.917957,True,carrot
134.700015,19,10544.6601,True,carrot
131.813557,20,10552.011065,True,carrot
151.423217,25,10557.669738,True,carrot
132.103557,19,10563.569055,True,carrot
151.135404,24,10570.85751,True,carrot
151.8265,21,10577.229844,True,carrot
130.33588,17,10582.417699,True,carrot
150.1565,19,10588.90837,True,carrot
152.41554,23,10594.467474,True,carrot
151.088484,20,10600.279525,True,carrot
132.92655,21,10607.077843,True,carrot
116.951234,24,10614.394237,True,carrot
151.8665,20,10621.268951,True,carrot
134.107042,21,10627.66925,True,carrot
131.813557,20,10633.535359,True,carrot
114.285049,19,10639.589242,True,carrot
134.384227,26,10646.632344,True,carrot
151.8665,20,10652.042964,True,carrot
135.050452,27,10657.896385,True,carrot
129.94588,23,10664.541253,True,carrot
131.813557,20,10670.772623,True,carrot
151.5765,21,10676.765148,True,carrot
150.756992,21,10682.877423,True,carrot
130.922597,30,10688.921623,True,carrot
132.103557,19,10695.039985,True,carrot
148.140958,21,10702.781481,True,carrot
131.42554,19,10708.740715,True,carrot
132.994048,20,10716.352531,True,carrot
151.8665,20,10722.493208,True,carrot
134.427042,20,10729.153249,True,carrot
152.689494,22,10735.35531,True,carrot
151.5765,21,10741.524076,True,carrot
132.92655,21,10747.124213,True,carrot
150.505049,20,10753.467505,True,carrot
132.63655,22,10758.731583,True,carrot
133.604048,18,10764.502124,True,carrot
151.808397,21,10770.606078,True,carrot
130.35246,21,10775.949953,True,carrot
131.465454,22,10782.904994,True,carrot
132.103557,19,10788.70774,True,carrot
131.813557,20,10795.082034,True,carrot
130.769315,17,10801.598239,True,carrot
170.565669,23,10808.603093,True,carrot
131.523557,21,10813.705621,True,carrot
130.64246,20,10824.837107,True,carrot
132.253557,24,10832.593417,True,carrot
132.390228,21,10839.130267,True,carrot
132.951234,26,10846.025623,True,carrot
131.813557,20,10852.332395,True,carrot
130.35246,21,10865.69176,True,carrot
169.629444,21,10872.721625,True,carrot
131.813557,20,10879.287496,True,carrot
131.579782,27,10887.83269,True,carrot
132.92655,21,10894.41807,True,carrot
132.393557,18,10903.107891,True,carrot
130.93246,19,10909.512093,True,carrot
131.146523,21,10920.189755,True,carrot
134.607221,29,10927.978361,True,carrot
130.33588,17,10934.353272,True,carrot
131.523557,21,10941.004461,True,carrot
132.63655,22,10951.687228,True,carrot
134.897221,28,10965.213323,True,carrot
115.12588,16,10977.289326,True,carrot
135.517169,35,10992.933115,True,carrot
130.782105,18,11009.838467,True,carrot
153.101766,25,11022.872297,True,carrot
130.7265,21,11032.835834,True,carrot
132.045454,20,11042.099039,True,carrot
130.64246,20,11051.705639,True,carrot
133.451105,21,11071.17176,True,carrot
134.107042,21,11084.901111,True,carrot
132.994048,20,11096.538077,True,carrot
132.981273,29,11128.979689,True,carrot
134.397042,20,11142.494455,True,carrot
131.573557,21,11157.25735,True,carrot
134.698138,24,11166.161864,True,carrot
133.284048,19,11181.19634,True,carrot
132.393557,18,11193.141669,True,carrot
133.284048,19,11200.13179,True,carrot
132.103557,19,11206.623748,True,carrot
130.93246,19,11212.556393,True,carrot
151.076992,20,11219.205997,True,carrot
148.075049,27,11225.013288,True,carrot
130.352105,25,11231.454842,True,carrot
130.93246,19,11240.259617,True,carrot
133.574048,18,11250.186949,True,carrot
153.046992,20,11258.211622,True,carrot
131.963557,25,11266.130981,True,carrot
133.284048,19,11271.846689,True,carrot
133.24655,20,11277.371439,True,carrot
133.284048,19,11283.306064,True,carrot
171.346161,26,11289.646097,True,carrot
149.3365,22,11295.652658,True,carrot
166.376896,19,11303.512169,True,carrot
127.471789,21,11311.456647,True,carrot
132.162726,21,11322.907546,True,carrot
132.92655,21,11330.826649,True,carrot
131.90246,20,11337.481197,True,carrot
131.032105,18,11344.592615,True,carrot
152.00554,19,11350.943637,True,carrot
130.64246,20,11357.57113,True,carrot
131.563557,20,11365.748471,True,carrot
130.71588,16,11370.826643,True,carrot
152.979494,21,11377.506782,True,carrot
117.711105,19,11383.011119,True,carrot
152.0165,20,11389.983147,True,carrot
129.84246,20,11398.133725,True,carrot
132.92655,21,11405.07091,True,carrot
113.41309,17,11411.903235,True,carrot
134.014048,22,11417.734447,True,carrot
131.873557,20,11423.244637,True,carrot
130.275049,19,11430.410498,True,carrot
133.604048,18,11438.534,True,carrot
132.273952,19,11445.129252,True,carrot
131.684353,29,11453.30454,True,carrot
151.336992,19,11460.384381,True,carrot
133.817042,22,11468.464528,True,carrot
131.383557,22,11477.020835,True,carrot
132.103557,19,11483.943258,True,carrot
130.35246,21,11493.491394,True,carrot
