#{"t_start": 1781067866.7056441, "env_id": "None"}
r,l,t,task_success,target
115.16617,33,42.907263,True,potato
14.162723,40,65.759166,False,potato
111.515738,34,81.331491,True,potato
115.178038,39,99.321996,True,potato
115.153256,35,122.955254,True,potato
115.838516,26,134.485057,True,potato
114.050319,27,145.134187,True,potato
113.046564,27,158.738414,True,potato
113.467846,28,170.173598,True,potato
113.271046,26,181.691304,True,potato
115.233797,16,192.090919,True,potato
114.418926,32,204.157103,True,potato
114.5454,35,219.061433,True,potato
118.419261,38,235.281392,True,potato
108.216168,43,252.221474,True,potato
111.594514,34,267.870468,True,potato
112.490153,30,281.785799,True,potato
110.352885,39,296.388873,True,potato
112.303875,28,307.794115,True,potato
115.616624,22,340.627756,True,potato
11.320253,39,364.067481,False,potato
114.222996,27,386.387879,True,potato
113.450519,23,402.275176,True,potato
114.042901,33,419.824825,True,potato
12.402564,15,442.669886,False,potato
113.686194,20,458.831615,True,potato
109.751169,21,472.234811,True,potato
110.042063,33,488.652331,True,potato
111.901839,28,500.188637,True,potato
110.634877,31,512.027366,True,potato
112.928896,24,521.808419,True,potato
115.568526,19,531.162901,True,potato
112.841203,30,541.807737,True,potato
116.355565,26,555.024746,True,potato
110.040658,21,563.36788,True,potato
115.585939,31,574.015143,True,potato
111.129718,24,583.246119,True,potato
112.804361,26,591.980684,True,potato
112.331511,33,601.390502,True,potato
113.577069,27,610.616356,True,potato
111.811049,32,622.749415,True,potato
110.849363,34,633.438165,True,potato
110.5719,29,641.136675,True,potato
112.100106,29,651.522874,True,potato
114.46774,31,661.511858,True,potato
111.145796,25,670.129321,True,potato
110.860265,29,678.132597,True,potato
114.566112,30,687.020799,True,potato
110.38311,33,695.962337,True,potato
114.915658,23,703.875241,True,potato
114.705001,34,712.76948,True,potato
114.246386,35,728.576174,True,potato
113.651803,20,741.662845,True,potato
109.433522,30,749.862481,True,potato
111.021096,27,759.102566,True,potato
110.876168,28,767.34057,True,potato
110.245677,23,777.102327,True,potato
110.902801,32,786.244082,True,potato
112.847863,16,792.889402,True,potato
115.672597,19,800.976513,True,potato
108.463133,40,810.329884,True,potato
112.995992,25,818.243292,True,potato
114.838544,30,842.837411,True,potato
114.228772,33,851.040778,True,potato
113.813405,28,862.338039,True,potato
114.084718,32,871.999753,True,potato
113.208933,23,880.169324,True,potato
110.388673,48,891.98944,True,potato
110.726294,25,898.977554,True,potato
112.982439,20,905.692666,True,potato
112.887735,29,913.628796,True,potato
114.375696,36,921.736285,True,potato
112.15669,26,927.085996,True,potato
114.02296,18,934.032903,True,potato
112.171096,22,941.817577,True,potato
114.984382,31,950.69376,True,potato
113.053522,27,957.663185,True,potato
134.40857,22,965.320628,True,potato
129.311112,25,972.139398,True,potato
105.229933,46,980.178985,True,potato
114.365686,23,987.221925,True,potato
132.204585,27,994.218092,True,potato
113.623522,19,999.07307,True,potato
115.417776,19,1005.28734,True,potato
112.997909,24,1012.700689,True,potato
112.194388,39,1020.300209,True,potato
116.382012,24,1026.942505,True,potato
109.606781,30,1035.542693,True,potato
110.985474,27,1043.413822,True,potato
111.768596,26,1050.67251,True,potato
113.240581,20,1056.993841,True,potato
116.012952,34,1065.633556,True,potato
114.647408,28,1073.561932,True,potato
114.534222,42,1081.991158,True,potato
117.345759,21,1089.181366,True,potato
113.338131,22,1095.839811,True,potato
115.287576,25,1103.918288,True,potato
114.487909,24,1109.763881,True,potato
107.942166,50,1119.143639,True,potato
111.429768,32,1126.23005,True,potato
116.81113,26,1133.476215,True,potato
113.931983,27,1140.793815,True,potato
112.576319,35,1147.741651,True,potato
109.177555,24,1153.483894,True,potato
113.401986,18,1160.329914,True,potato
111.30316,49,1171.141726,True,potato
113.878168,27,1178.453766,True,potato
108.499195,31,1187.534231,True,potato
111.738103,19,1196.037123,True,potato
114.333992,25,1203.418783,True,potato
114.775604,23,1209.581416,True,potato
110.450376,35,1218.211444,True,potato
109.161443,36,1227.43057,True,potato
114.37072,21,1234.846939,True,potato
111.944319,30,1242.301902,True,potato
113.533486,28,1251.281965,True,potato
111.330078,28,1257.510766,True,potato
114.050077,40,1267.644621,True,potato
115.381191,24,1273.499724,True,potato
113.503013,25,1281.379814,True,potato
115.267813,20,1287.480319,True,potato
12.997414,32,1297.385777,False,potato
116.6844,30,1303.180237,True,potato
115.443246,26,1312.650787,True,potato
109.590589,26,1324.813121,True,potato
114.286193,22,1333.067652,True,potato
113.461155,20,1339.22295,True,potato
130.345886,28,1345.645986,True,potato
115.187776,16,1353.687869,True,potato
115.504098,30,1361.2883,True,potato
114.683476,22,1369.128701,True,potato
113.07578,23,1378.899372,True,potato
113.282144,21,1388.032972,True,potato
108.26588,35,1397.979134,True,potato
110.52493,25,1404.246152,True,potato
107.413308,31,1410.881008,True,potato
114.992338,21,1417.008584,True,potato
114.288829,33,1428.329989,True,potato
109.64514,26,1434.75618,True,potato
111.630899,42,1449.886557,True,potato
113.330105,25,1457.009045,True,potato
113.171501,18,1464.045349,True,potato
113.839149,38,1470.426053,True,potato
114.255262,25,1476.985221,True,potato
111.472369,25,1484.536505,True,potato
113.390052,29,1492.550842,True,potato
108.827115,25,1497.745097,True,potato
115.037655,29,1503.394967,True,potato
113.721421,26,1509.941228,True,potato
111.493656,28,1517.054845,True,potato
115.462757,17,1523.492008,True,potato
113.142434,30,1530.011059,True,potato
113.355856,22,1536.245272,True,potato
115.24875,25,1542.19538,True,potato
114.773557,26,1549.568525,True,potato
114.769584,24,1554.519736,True,potato
111.517524,34,1561.58108,True,potato
114.186029,31,1567.88159,True,potato
114.765112,21,1573.132978,True,potato
109.12072,29,1579.189724,True,potato
113.351646,21,1586.043507,True,potato
113.461767,24,1592.534614,True,potato
132.85341,31,1598.54597,True,potato
113.089484,19,1604.408411,True,potato
132.828823,21,1610.990504,True,potato
133.089714,27,1619.426387,True,potato
111.178883,37,1626.822438,True,potato
114.4021,20,1632.375732,True,potato
113.483889,38,1639.199363,True,potato
112.724353,23,1645.033124,True,potato
112.319692,20,1651.73738,True,potato
113.793557,23,1657.827244,True,potato
130.492597,26,1663.953485,True,potato
110.64067,20,1671.255463,True,potato
111.048015,22,1678.278618,True,potato
114.606371,20,1684.594248,True,potato
109.021507,42,1691.868284,True,potato
116.105147,21,1697.535008,True,potato
113.750005,36,1704.183739,True,potato
131.215895,19,1711.902275,True,potato
113.05072,27,1719.688789,True,potato
113.592635,21,1725.672608,True,potato
111.687992,22,1732.732587,True,potato
114.076334,22,1739.222408,True,potato
111.122873,20,1744.443314,True,potato
114.237929,23,1751.703365,True,potato
112.469315,22,1757.165407,True,potato
122.64207,32,1763.626758,True,potato
128.37554,29,1770.269127,True,potato
112.136321,24,1775.619321,True,potato
115.118809,31,1781.848509,True,potato
115.855829,21,1787.424597,True,potato
111.931274,34,1794.12968,True,potato
111.931096,23,1801.316231,True,potato
113.886371,19,1807.014333,True,potato
112.067129,33,1813.536348,True,potato
128.457701,25,1819.525864,True,potato
114.567443,21,1826.560337,True,potato
110.156136,18,1832.180439,True,potato
13.0494,20,1837.570184,False,potato
114.799037,18,1843.613626,True,potato
112.018823,20,1850.964453,True,potato
115.724851,24,1857.860736,True,potato
130.105404,21,1863.58144,True,potato
150.043551,28,1871.142212,True,potato
115.501889,29,1878.084478,True,potato
131.009397,22,1885.897638,True,potato
115.335044,18,1891.692299,True,potato
129.480146,24,1896.742089,True,potato
112.765049,26,1903.662968,True,potato
112.100307,18,1909.168947,True,potato
133.665308,23,1915.845148,True,potato
114.231646,24,1922.932005,True,potato
112.67588,20,1928.300521,True,potato
114.339813,20,1934.298212,True,potato
114.284353,19,1941.114951,True,potato
112.55371,24,1948.053524,True,potato
113.870186,27,1954.773583,True,potato
151.560275,18,1959.628581,True,potato
114.762338,25,1966.672965,True,potato
112.730739,24,1972.679593,True,potato
149.391457,24,1978.896538,True,potato
113.320022,26,1985.756388,True,potato
130.921507,25,1990.720895,True,potato
109.793051,25,1996.389633,True,potato
143.949178,34,2003.516243,True,potato
108.989936,34,2011.052844,True,potato
132.861155,20,2017.529795,True,potato
114.247284,20,2025.275988,True,potato
110.370388,21,2031.21548,True,potato
109.131792,22,2037.265675,True,potato
111.341939,24,2041.981794,True,potato
115.113522,25,2047.984605,True,potato
134.80554,22,2053.948898,True,potato
116.18949,26,2061.060608,True,potato
130.851545,33,2067.495363,True,potato
113.678406,21,2074.941243,True,potato
116.423217,24,2081.582016,True,potato
113.170578,24,2087.956111,True,potato
112.999315,25,2094.379776,True,potato
108.499111,57,2103.358533,True,potato
11.092055,27,2128.150867,False,potato
116.400613,19,2135.902101,True,potato
112.582259,18,2142.161789,True,potato
115.523547,25,2148.832342,True,potato
117.362795,30,2155.876091,True,potato
111.726039,27,2163.010463,True,potato
115.798644,17,2170.73571,True,potato
134.737237,18,2177.843317,True,potato
115.873217,23,2183.512419,True,potato
114.488315,25,2189.772399,True,potato
132.20533,35,2196.600025,True,potato
130.750826,30,2202.886717,True,potato
110.458211,35,2209.844936,True,potato
113.748823,18,2216.114948,True,potato
114.90554,17,2221.330271,True,potato
113.538211,23,2227.780998,True,potato
133.978491,20,2233.418697,True,potato
129.121739,22,2240.823369,True,potato
133.941526,21,2247.011564,True,potato
131.032636,34,2252.740092,True,potato
115.364403,22,2258.843322,True,potato
131.727645,26,2267.870075,True,potato
120.192908,25,2273.568603,True,potato
128.577992,22,2279.232949,True,potato
114.112757,17,2284.508677,True,potato
116.083551,22,2289.766864,True,potato
108.74095,35,2296.370734,True,potato
110.787652,32,2304.54412,True,potato
113.459322,20,2310.883776,True,potato
130.895068,23,2316.985485,True,potato
112.45404,20,2323.105989,True,potato
151.717992,21,2329.747949,True,potato
118.451105,21,2336.454761,True,potato
110.618783,28,2343.53037,True,potato
128.872595,35,2349.425721,True,potato
117.092929,24,2356.454912,True,potato
112.329654,20,2363.353871,True,potato
115.589315,19,2369.17039,True,potato
113.528823,16,2374.752377,True,potato
153.745281,21,2380.273584,True,potato
110.562305,20,2387.573073,True,potato
126.642707,22,2393.706093,True,potato
114.218491,21,2399.847461,True,potato
112.379557,20,2405.988804,True,potato
114.852338,22,2412.851163,True,potato
130.775357,21,2420.626704,True,potato
113.328164,20,2427.113396,True,potato
112.616686,29,2433.154433,True,potato
114.890949,25,2438.871147,True,potato
115.462276,27,2445.815193,True,potato
133.26203,22,2452.713357,True,potato
111.157438,23,2459.142782,True,potato
131.002825,23,2464.619033,True,potato
127.708161,25,2471.080664,True,potato
133.067974,24,2476.963504,True,potato
135.658723,20,2483.306483,True,potato
117.403848,24,2490.216068,True,potato
130.500599,23,2497.058746,True,potato
114.740613,25,2504.330198,True,potato
110.375049,27,2510.53463,True,potato
151.919315,17,2515.382068,True,potato
115.603522,22,2521.935008,True,potato
111.621339,17,2527.96895,True,potato
133.564669,27,2535.120157,True,potato
116.051058,24,2540.52842,True,potato
128.69588,20,2546.325985,True,potato
130.522005,31,2553.646933,True,potato
149.008818,19,2559.220468,True,potato
129.542395,22,2566.657914,True,potato
130.456453,22,2572.469224,True,potato
168.072259,17,2578.084416,True,potato
129.125275,20,2586.21085,True,potato
115.442338,21,2592.665691,True,potato
148.25679,28,2601.895879,True,potato
144.905542,22,2607.272336,True,potato
113.951976,17,2611.775947,True,potato
133.88554,20,2619.132672,True,potato
131.220116,24,2626.307766,True,potato
113.411008,25,2632.588544,True,potato
114.778812,27,2639.050226,True,potato
116.63203,24,2647.15957,True,potato
137.577042,23,2653.104514,True,potato
111.175732,23,2659.731231,True,potato
113.277297,18,2666.238665,True,potato
115.674048,18,2671.630349,True,potato
113.76588,15,2677.690747,True,potato
130.051435,19,2683.426481,True,potato
111.395049,19,2689.086634,True,potato
150.151608,23,2695.762444,True,potato
132.704048,21,2701.492592,True,potato
114.912936,20,2707.740198,True,potato
131.127823,22,2714.802675,True,potato
131.586371,16,2720.953687,True,potato
114.726039,22,2726.244498,True,potato
112.229654,20,2732.911766,True,potato
116.021987,19,2739.403718,True,potato
115.231529,21,2745.451056,True,potato
131.540228,19,2752.113512,True,potato
111.439315,19,2758.041324,True,potato
130.78554,20,2764.490977,True,potato
113.935219,27,2771.64251,True,potato
130.867726,19,2777.330315,True,potato
115.289534,19,2783.099189,True,potato
134.54554,21,2788.399645,True,potato
133.529315,27,2794.749265,True,potato
109.394328,27,2800.070861,True,potato
114.459521,17,2805.753584,True,potato
131.855842,26,2811.823181,True,potato
133.979315,23,2817.824856,True,potato
129.925421,22,2824.074189,True,potato
115.181058,22,2830.266362,True,potato
150.609936,21,2836.374141,True,potato
149.112259,16,2841.757489,True,potato
133.621155,21,2847.195679,True,potato
114.519359,25,2854.48317,True,potato
112.631729,21,2860.862245,True,potato
166.887032,21,2866.701454,True,potato
128.708823,21,2874.389321,True,potato
132.070602,33,2880.698145,True,potato
130.49655,23,2886.872094,True,potato
110.385771,24,2894.623385,True,potato
130.069315,19,2900.281141,True,potato
130.31554,23,2905.670151,True,potato
129.438491,19,2911.312014,True,potato
113.067606,29,2917.486353,True,potato
131.874016,20,2923.542708,True,potato
112.243248,24,2930.886179,True,potato
154.946992,20,2936.662674,True,potato
128.19588,23,2943.381681,True,potato
109.572598,19,2949.456324,True,potato
130.455049,19,2954.665772,True,potato
129.528823,16,2960.84498,True,potato
130.04588,18,2966.425737,True,potato
115.655972,32,2974.547246,True,potato
148.17554,21,2980.233605,True,potato
112.761986,21,2985.972289,True,potato
114.959315,16,2991.625277,True,potato
128.98588,17,2998.334468,True,potato
111.752886,24,3004.670451,True,potato
150.738823,17,3009.090262,True,potato
129.184341,19,3015.213295,True,potato
111.362439,18,3021.006779,True,potato
112.628823,16,3027.781256,True,potato
147.820275,26,3034.290618,True,potato
132.799265,22,3040.382172,True,potato
127.532389,20,3047.093861,True,potato
114.952439,17,3052.889183,True,potato
149.72554,34,3060.677633,True,potato
130.092105,24,3068.393829,True,potato
-0.390685,23,3074.067595,False,potato
129.225049,22,3079.946111,True,potato
112.604428,15,3086.02992,True,potato
150.173507,21,3091.831365,True,potato
112.218823,19,3097.825506,True,potato
130.001766,29,3103.61035,True,potato
132.393557,18,3108.730291,True,potato
113.340219,24,3116.23332,True,potato
111.523833,17,3121.797591,True,potato
131.145759,21,3127.666545,True,potato
114.809653,23,3134.006714,True,potato
131.708563,24,3140.558593,True,potato
129.650578,22,3146.479292,True,potato
111.554625,32,3152.026079,True,potato
130.318056,20,3157.75875,True,potato
133.81554,20,3164.521629,True,potato
133.434048,24,3171.569601,True,potato
150.336159,18,3178.743008,True,potato
131.963557,20,3185.927077,True,potato
134.572105,19,3192.037746,True,potato
147.899315,20,3198.803273,True,potato
112.122598,19,3206.228423,True,potato
167.802259,19,3210.770518,True,potato
130.455049,20,3215.905707,True,potato
112.30687,22,3222.296096,True,potato
131.694048,25,3228.324902,True,potato
109.112598,18,3234.074173,True,potato
130.890578,18,3239.343128,True,potato
112.86482,25,3245.836914,True,potato
136.044048,30,3252.980871,True,potato
113.882936,17,3259.572165,True,potato
131.322105,17,3266.040664,True,potato
145.639315,24,3271.977021,True,potato
129.674291,23,3278.112152,True,potato
131.327727,19,3282.531462,True,potato
114.482105,18,3288.680905,True,potato
131.0165,20,3294.035862,True,potato
132.306992,21,3312.51745,True,potato
129.69554,26,3328.02127,True,potato
111.889315,19,3337.198105,True,potato
109.002917,25,3345.684301,True,potato
137.927042,23,3352.806646,True,potato
115.167297,17,3357.990567,True,potato
133.8165,20,3366.450438,True,potato
149.500757,23,3373.103331,True,potato
130.356371,21,3381.076375,True,potato
132.867992,21,3387.809584,True,potato
131.702597,22,3394.053551,True,potato
129.538823,17,3400.909988,True,potato
110.907284,21,3407.505404,True,potato
130.382597,25,3414.255294,True,potato
130.557992,20,3420.315054,True,potato
112.887846,25,3428.920384,True,potato
148.300241,20,3435.553509,True,potato
129.692439,21,3442.293471,True,potato
149.98554,20,3450.129563,True,potato
152.949444,23,3456.945385,True,potato
147.695049,29,3463.563508,True,potato
129.325049,21,3469.241219,True,potato
132.274048,23,3475.585149,True,potato
115.246371,20,3482.131002,True,potato
113.767297,22,3488.22901,True,potato
135.212439,18,3494.221097,True,potato
135.799782,25,3500.135594,True,potato
112.578065,20,3506.363795,True,potato
115.584782,19,3512.586145,True,potato
149.54554,21,3518.681841,True,potato
116.16554,18,3525.392128,True,potato
132.174788,22,3530.631584,True,potato
114.756321,23,3538.453698,True,potato
128.551986,28,3544.630441,True,potato
131.639315,19,3552.029556,True,potato
113.047776,17,3559.508696,True,potato
130.312105,21,3566.84515,True,potato
113.111633,18,3573.258149,True,potato
151.958327,17,3579.166114,True,potato
114.39749,31,3586.773956,True,potato
167.347992,19,3592.826892,True,potato
130.32588,18,3599.345399,True,potato
133.0365,22,3605.134514,True,potato
151.5765,21,3611.386616,True,potato
114.497322,25,3617.635739,True,potato
133.463557,20,3623.804465,True,potato
131.309936,21,3630.918345,True,potato
132.582958,22,3637.021974,True,potato
111.462439,18,3644.657258,True,potato
133.194048,20,3650.468041,True,potato
113.964099,17,3655.622004,True,potato
133.133557,24,3661.920118,True,potato
131.907823,20,3667.204488,True,potato
115.080613,22,3673.658965,True,potato
132.309714,18,3680.804757,True,potato
112.550886,23,3689.369202,True,potato
131.803789,26,3696.454449,True,potato
115.604879,20,3701.603219,True,potato
115.004388,18,3707.509765,True,potato
114.74072,16,3712.822609,True,potato
129.921767,30,3718.686574,True,potato
115.636371,19,3724.86389,True,potato
114.608211,20,3730.698147,True,potato
151.8665,20,3737.389161,True,potato
151.97554,19,3745.21256,True,potato
129.588823,17,3750.526606,True,potato
146.008664,39,3757.803767,True,potato
130.843557,23,3764.159313,True,potato
130.1865,22,3771.785161,True,potato
148.665531,24,3778.430019,True,potato
131.214353,23,3784.247284,True,potato
111.991986,17,3790.317444,True,potato
112.989315,19,3795.996872,True,potato
114.408664,24,3802.608996,True,potato
115.125878,28,3809.656599,True,potato
116.071105,28,3815.81333,True,potato
117.542597,16,3820.531018,True,potato
131.41554,18,3826.603174,True,potato
110.164783,16,3833.746758,True,potato
167.499444,23,3840.461032,True,potato
151.72554,19,3846.496045,True,potato
131.523557,21,3852.785965,True,potato
131.032105,18,3858.808154,True,potato
113.611155,20,3864.988953,True,potato
151.8665,20,3870.729158,True,potato
129.835049,22,3877.622431,True,potato
149.457992,20,3883.499489,True,potato
111.04682,19,3889.59749,True,potato
128.92493,20,3895.830069,True,potato
133.08588,27,3902.421975,True,potato
151.919315,17,3908.759766,True,potato
129.112105,26,3914.552949,True,potato
131.963557,20,3920.478686,True,potato
133.623557,21,3927.595847,True,potato
131.126371,18,3933.46635,True,potato
112.388823,17,3939.252933,True,potato
132.253557,19,3944.902758,True,potato
129.348823,18,3950.520224,True,potato
129.163952,18,3956.289637,True,potato
133.988563,22,3962.426855,True,potato
129.676371,18,3968.0932,True,potato
132.003228,25,3974.212185,True,potato
111.578225,19,3979.922225,True,potato
128.98309,21,3985.691575,True,potato
131.293557,23,3992.126174,True,potato
151.69554,21,3998.551762,True,potato
135.755202,17,4004.430892,True,potato
131.56554,18,4010.240894,True,potato
147.095049,19,4016.733691,True,potato
128.288823,22,4022.655507,True,potato
149.68554,20,4027.822798,True,potato
115.810613,20,4034.335688,True,potato
131.886371,18,4041.699311,True,potato
132.792597,16,4048.364791,True,potato
131.352597,22,4054.628863,True,potato
131.63554,19,4060.493443,True,potato
146.352598,22,4066.726424,True,potato
149.741279,25,4073.879046,True,potato
131.233557,22,4103.471033,True,potato
132.12833,24,4110.476043,True,potato
130.787823,23,4117.761614,True,potato
132.502597,17,4124.212093,True,potato
133.144048,20,4130.81225,True,potato
149.807992,20,4136.891532,True,potato
132.449813,21,4143.565615,True,potato
131.614048,22,4150.754675,True,potato
131.322105,17,4158.138496,True,potato
131.984048,24,4164.807437,True,potato
127.299557,23,4172.251559,True,potato
129.655049,20,4178.687844,True,potato
129.965049,21,4186.633832,True,potato
131.693217,26,4193.437297,True,potato
149.555049,20,4201.103052,True,potato
129.732105,18,4222.584682,True,potato
129.169315,22,4236.382455,True,potato
130.742105,19,4251.646589,True,potato
131.516371,17,4258.558837,True,potato
134.805049,17,4266.589618,True,potato
116.280613,17,4274.853658,True,potato
131.82203,23,4281.999197,True,potato
133.258563,19,4297.978823,True,potato
133.204048,21,4310.561737,True,potato
132.053557,19,4320.505414,True,potato
130.082439,20,4329.991224,True,potato
111.742886,18,4336.672525,True,potato
111.377372,17,4344.589408,True,potato
129.878823,16,4351.78502,True,potato
131.252726,25,4360.079625,True,potato
115.162105,21,4367.193955,True,potato
115.743557,18,4374.938919,True,potato
113.62588,21,4382.308121,True,potato
132.103557,19,4389.205997,True,potato
115.469534,17,4396.813455,True,potato
115.299653,22,4403.958091,True,potato
114.226719,21,4413.910177,True,potato
135.613557,20,4421.286075,True,potato
149.4765,21,4428.107411,True,potato
116.319653,19,4435.115829,True,potato
150.756992,21,4442.380267,True,potato
128.808823,19,4448.118872,True,potato
129.4865,22,4454.153057,True,potato
115.960613,20,4461.023876,True,potato
130.964353,22,4467.851984,True,potato
129.61588,20,4475.096078,True,potato
127.33445,21,4481.229062,True,potato
152.956992,21,4487.760715,True,potato
130.60554,17,4494.353294,True,potato
131.423557,21,4501.151032,True,potato
148.195383,20,4508.805504,True,potato
129.464444,20,4514.727797,True,potato
148.581767,21,4521.431142,True,potato
138.351507,18,4526.915966,True,potato
130.919315,17,4535.449435,True,potato
132.063557,20,4545.067391,True,potato
151.8665,20,4554.097353,True,potato
130.64554,16,4561.925521,True,potato
132.393557,18,4568.913331,True,potato
150.458484,22,4575.569731,True,potato
130.892105,19,4581.366684,True,potato
151.375049,17,4587.842423,True,potato
128.33583,17,4594.807256,True,potato
131.292597,21,4601.521262,True,potato
166.872259,19,4607.643262,True,potato
132.412338,18,4614.758944,True,potato
113.89687,16,4621.441865,True,potato
113.31593,25,4627.228457,True,potato
147.825049,22,4633.350606,True,potato
133.561646,21,4641.613104,True,potato
132.244048,22,4648.206414,True,potato
132.364048,22,4655.356549,True,potato
131.75554,17,4662.333149,True,potato
114.672936,21,4670.36395,True,potato
132.754048,21,4679.085375,True,potato
130.742105,19,4686.128035,True,potato
133.567042,24,4693.853803,True,potato
130.917331,19,4701.004799,True,potato
131.286371,18,4707.504154,True,potato
150.616992,22,4715.562106,True,potato
131.70554,17,4722.769843,True,potato
130.452105,20,4730.19428,True,potato
114.992105,18,4735.555501,True,potato
133.220015,29,4741.863412,True,potato
131.666371,17,4749.305198,True,potato
116.948563,23,4756.42304,True,potato
148.515049,21,4763.18367,True,potato
114.568556,20,4772.99666,True,potato
133.144048,20,4783.444129,True,potato
131.186371,19,4790.117372,True,potato
130.03588,19,4797.511069,True,potato
113.16588,20,4804.788471,True,potato
132.04554,16,4811.666705,True,potato
135.325049,17,4818.324068,True,potato
133.574048,18,4825.879873,True,potato
147.075701,20,4843.210927,True,potato
129.488823,17,4852.116079,True,potato
148.300807,21,4858.934009,True,potato
151.046992,20,4869.250737,True,potato
166.247992,24,4876.293903,True,potato
131.827823,22,4884.52524,True,potato
151.92554,19,4890.839132,True,potato
131.813557,20,4896.98631,True,potato
116.830613,17,4903.257403,True,potato
131.953557,21,4909.613817,True,potato
132.674048,20,4916.134988,True,potato
116.134048,21,4922.528012,True,potato
131.032105,18,4929.29094,True,potato
146.282906,19,4937.475249,True,potato
131.059315,16,4944.311987,True,potato
128.502598,17,4952.758369,True,potato
132.316992,22,4959.363438,True,potato
115.995453,24,4966.198441,True,potato
