#{"t_start": 1780971857.810436, "env_id": "None"}
r,l,t,task_success,target
130.400846,31,16.67342,True,potato
129.897234,23,27.428938,True,potato
128.465404,22,37.470922,True,potato
128.650767,24,48.433382,True,wheat
4.51655,25,58.611195,False,wheat
166.869444,25,67.12172,True,wheat
128.268347,22,74.249127,True,carrot
130.075454,28,82.093932,True,carrot
129.515281,23,90.642732,True,carrot
128.851466,51,100.912454,True,carrot
130.922597,19,107.630015,True,carrot
166.876805,22,114.512065,True,carrot
129.715454,27,121.783622,True,potato
151.161629,25,128.863494,True,potato
130.871507,25,136.49055,True,potato
36.147992,19,143.409698,False,wheat
-7.419195,20,150.71355,False,wheat
4.168823,15,157.10436,False,wheat
129.37588,21,163.691707,True,carrot
137.010015,25,170.753155,True,carrot
134.421849,40,180.27535,True,carrot
114.919315,17,186.300469,True,wheat
1.141936,33,194.768547,False,wheat
149.623952,19,201.830971,True,wheat
131.5065,24,208.130358,True,potato
130.2665,20,214.914351,True,potato
131.33554,20,221.641099,True,potato
149.669936,22,229.339258,True,carrot
131.816992,29,237.325618,True,carrot
154.875952,29,245.643761,True,carrot
129.625202,22,252.79613,True,potato
129.963557,25,259.649779,True,potato
140.674582,32,273.892467,True,potato
2.180204,19,287.477852,False,wheat
13.315404,27,296.314224,False,wheat
109.929081,37,309.904185,True,wheat
130.68246,22,318.446358,True,potato
151.66554,23,326.654977,True,potato
127.994783,20,336.262204,True,potato
118.457727,16,346.013096,True,wheat
128.011008,23,352.734937,True,wheat
130.893557,28,361.740427,True,wheat
129.175404,28,370.786016,True,carrot
129.470325,29,382.438605,True,carrot
152.979494,21,389.405317,True,carrot
132.440274,26,396.957081,True,carrot
130.076992,28,404.449712,True,carrot
130.682597,25,413.022641,True,carrot
129.915281,23,420.244712,True,potato
131.228563,26,428.035049,True,potato
147.188484,25,435.131384,True,potato
127.687727,19,442.213805,True,wheat
131.161105,32,451.280908,True,wheat
146.689663,27,459.030788,True,wheat
130.10246,21,466.021402,True,wheat
133.567042,22,473.942178,True,wheat
134.956992,23,480.709268,True,wheat
130.4365,22,487.784041,True,potato
166.543902,20,495.83972,True,potato
128.902105,20,502.473927,True,potato
154.202358,39,509.946167,True,carrot
114.272597,21,517.790327,True,carrot
116.776783,28,526.374812,True,carrot
147.848823,18,532.290701,True,carrot
131.843557,20,539.760544,True,carrot
116.93441,29,547.470075,True,carrot
132.639466,20,554.654764,True,wheat
128.380314,27,561.860628,True,wheat
112.591145,22,569.001123,True,wheat
130.31246,22,576.662036,True,potato
130.3565,24,584.183239,True,potato
110.130958,20,591.143402,True,potato
129.686211,40,599.330406,True,carrot
134.220035,27,606.757346,True,carrot
149.990275,23,620.71218,True,carrot
133.683008,25,629.766009,True,wheat
109.010937,23,636.695901,True,wheat
130.35246,21,644.378278,True,wheat
115.836992,21,651.698782,True,potato
11.792413,23,658.710322,False,potato
149.24246,21,667.263097,True,potato
149.5265,21,674.371624,True,carrot
168.267992,21,682.512437,True,carrot
131.978638,23,691.214806,True,carrot
127.831507,31,699.615335,True,wheat
4.324416,41,708.307834,False,wheat
-8.03446,18,714.251147,False,wheat
123.294445,28,722.935127,True,potato
128.618823,20,729.940971,True,potato
131.546992,22,736.964893,True,potato
-14.600014,22,744.420535,False,wheat
105.144353,15,750.733276,True,wheat
4.408823,14,757.318565,False,wheat
129.783557,24,764.567672,True,potato
129.470177,20,771.230905,True,potato
129.961008,23,778.501029,True,potato
134.808138,24,785.757906,True,carrot
128.85246,26,793.480978,True,carrot
130.35246,21,801.361387,True,carrot
131.453557,25,810.568964,True,carrot
133.829986,23,818.24721,True,carrot
133.24655,20,825.177605,True,carrot
131.774048,23,832.91931,True,potato
129.372105,22,840.37482,True,potato
-7.221603,23,848.110193,False,potato
128.386896,20,855.099063,True,wheat
131.185454,24,863.376512,True,wheat
129.535454,29,871.250169,True,wheat
129.779466,19,877.93042,True,potato
130.73554,24,885.773476,True,potato
111.911397,22,892.598781,True,potato
131.607952,23,899.988604,True,wheat
148.939849,28,907.029567,True,wheat
-6.862857,25,913.266408,False,wheat
131.383557,27,920.870196,True,carrot
148.969494,30,928.225975,True,carrot
131.813557,20,935.443709,True,carrot
149.2865,22,942.478437,True,carrot
128.570264,61,952.289589,True,carrot
27.647992,24,959.58931,False,carrot
130.635454,24,965.947334,True,wheat
-5.754546,22,972.40966,False,wheat
-5.659032,24,978.959536,False,wheat
130.193557,33,986.705566,True,potato
130.616992,27,994.182794,True,potato
132.24655,23,1002.064712,True,potato
125.67067,27,1009.697438,True,potato
131.53833,22,1017.792026,True,potato
131.652597,22,1024.761346,True,potato
128.492055,19,1031.757629,True,wheat
151.1865,22,1038.611516,True,wheat
132.607042,31,1046.243627,True,wheat
131.465454,22,1052.952604,True,carrot
131.355454,28,1060.14533,True,carrot
129.77246,23,1067.439782,True,carrot
127.960767,30,1074.872023,True,wheat
-3.946554,30,1082.51207,False,wheat
130.222105,22,1089.21442,True,wheat
119.515639,42,1099.250226,True,carrot
130.537952,28,1108.106576,True,carrot
115.874068,31,1117.006025,True,carrot
130.716371,27,1124.426467,True,potato
152.979494,21,1131.091367,True,potato
115.750274,29,1137.814491,True,potato
149.806992,25,1145.555171,True,carrot
150.832958,25,1152.920624,True,carrot
130.843557,23,1159.964583,True,carrot
129.382259,20,1167.304225,True,potato
131.563557,20,1173.831217,True,potato
128.745049,24,1181.882792,True,potato
131.465454,22,1188.455709,True,wheat
-3.461862,27,1195.856729,False,wheat
8.129945,26,1203.748553,False,wheat
-4.584992,21,1210.515429,False,wheat
145.493952,21,1217.567259,True,wheat
136.717727,17,1224.54367,True,wheat
131.52655,26,1233.345472,True,potato
113.116804,25,1240.275313,True,potato
133.805226,33,1247.002319,True,potato
130.885454,24,1253.816526,True,carrot
149.823121,20,1259.876604,True,carrot
130.423952,19,1267.161982,True,carrot
149.2865,22,1273.740401,True,carrot
130.00246,23,1280.362261,True,carrot
133.768744,28,1287.367468,True,carrot
148.349315,20,1294.324339,True,potato
129.929516,24,1302.068375,True,potato
132.103557,19,1308.898744,True,potato
21.528685,25,1316.435292,False,wheat
130.79246,20,1322.804425,True,wheat
143.570591,23,1329.590794,True,wheat
129.063952,18,1335.842952,True,carrot
131.90554,17,1342.06025,True,carrot
150.8965,23,1348.508298,True,carrot
0.562899,41,1356.452834,False,wheat
-3.350083,31,1364.66536,False,wheat
129.094365,31,1371.202567,True,wheat
132.614048,22,1378.191046,True,potato
130.035049,18,1384.59228,True,potato
128.573952,19,1390.813143,True,potato
131.133557,22,1397.385727,True,potato
127.399466,26,1404.318764,True,potato
131.8965,23,1410.828862,True,potato
-0.749994,51,1419.0592,False,wheat
109.833194,24,1425.368637,True,wheat
149.54241,20,1432.091869,True,wheat
134.181105,24,1438.417269,True,carrot
130.452105,20,1446.753984,True,carrot
150.8865,24,1453.595089,True,carrot
129.2365,22,1460.718718,True,wheat
-20.641177,19,1467.267038,False,wheat
131.075454,23,1474.313442,True,wheat
132.55246,21,1480.756605,True,potato
151.351629,22,1487.639345,True,potato
132.564048,22,1494.542315,True,potato
129.265404,22,1501.337906,True,carrot
111.117727,17,1507.901809,True,carrot
131.032105,18,1514.667296,True,carrot
128.45241,21,1520.398949,True,wheat
132.044048,25,1527.222207,True,wheat
0.736686,27,1534.49256,False,wheat
128.741008,21,1541.383348,True,potato
130.095049,19,1548.040301,True,potato
130.74554,21,1554.653649,True,potato
132.015008,24,1561.499138,True,carrot
150.297732,31,1568.999822,True,carrot
129.05246,26,1576.683921,True,carrot
152.647952,22,1583.33801,True,wheat
127.614783,17,1589.859667,True,wheat
21.05639,40,1597.871445,False,wheat
127.689466,25,1605.80467,True,potato
130.575049,17,1612.153958,True,potato
130.782105,18,1617.765799,True,potato
131.615454,22,1624.533812,True,carrot
131.684048,21,1631.288431,True,carrot
147.253952,22,1638.034643,True,carrot
148.405404,21,1644.859558,True,potato
130.165049,20,1650.679613,True,potato
152.800591,26,1656.998522,True,potato
132.00655,24,1663.879719,True,carrot
147.00241,21,1670.87402,True,carrot
132.92655,21,1677.663226,True,carrot
10.423847,31,1684.214938,False,wheat
145.927372,32,1691.442345,True,wheat
153.006211,24,1698.282983,True,wheat
130.799315,17,1704.865211,True,carrot
3.05655,31,1712.24876,False,carrot
131.563557,20,1719.26671,True,carrot
128.364733,27,1726.781677,True,wheat
127.513902,18,1733.613118,True,wheat
127.70241,26,1741.536559,True,wheat
29.11588,20,1748.419844,False,potato
134.962349,28,1756.591182,True,potato
131.89655,25,1763.320474,True,potato
130.50246,21,1770.268568,True,potato
148.2865,22,1776.768782,True,potato
152.589494,27,1784.097527,True,potato
114.60251,26,1791.347495,True,carrot
148.779444,21,1798.231066,True,carrot
151.188397,24,1804.527667,True,carrot
129.325049,22,1811.734799,True,wheat
141.848397,20,1818.123979,True,wheat
146.379936,38,1826.419881,True,wheat
18.733031,24,1833.006729,False,wheat
50.59634,31,1839.810902,False,wheat
148.375049,22,1846.862827,True,wheat
133.128002,25,1855.167068,True,carrot
133.767647,23,1862.223533,True,carrot
152.309494,24,1869.839498,True,carrot
132.92655,21,1876.86563,True,potato
11.044783,20,1883.003655,False,potato
132.92655,21,1889.939217,True,potato
132.724048,22,1897.101602,True,wheat
146.672358,31,1905.420433,True,wheat
118.000958,17,1911.847205,True,wheat
108.567006,25,1919.186785,True,carrot
151.7265,21,1926.01539,True,carrot
129.150918,25,1933.01397,True,carrot
131.580613,24,1940.31281,True,potato
129.139315,23,1952.554808,True,potato
130.85246,22,1959.773214,True,potato
151.030137,29,1966.520594,True,potato
130.925454,23,1973.899196,True,potato
130.575049,17,1980.432971,True,potato
131.63251,24,1987.619713,True,carrot
115.322597,19,1994.111079,True,carrot
150.767952,29,2002.193619,True,carrot
130.05554,19,2008.941823,True,wheat
147.715404,24,2016.090824,True,wheat
148.486896,20,2023.179531,True,wheat
112.801409,20,2030.842694,True,potato
130.602105,20,2038.139947,True,potato
132.58655,22,2045.3535,True,potato
137.259221,24,2051.783353,True,carrot
132.199782,24,2059.11195,True,carrot
130.25246,21,2067.156417,True,carrot
3.999653,30,2074.027303,False,wheat
125.787727,29,2081.044435,True,wheat
-10.481336,20,2087.622935,False,wheat
4.133557,22,2094.428837,False,potato
132.36655,24,2101.514665,True,potato
154.723629,31,2109.025516,True,potato
141.806855,20,2115.665991,True,wheat
124.951549,33,2122.99071,True,wheat
130.891766,32,2130.506801,True,wheat
132.481234,32,2137.952901,True,carrot
151.779494,25,2145.976722,True,carrot
167.287992,22,2161.698838,True,carrot
150.704218,21,2169.560424,True,carrot
131.51655,25,2177.538823,True,carrot
130.803557,24,2184.905712,True,carrot
122.65063,53,2194.567034,True,wheat
18.245791,37,2202.523746,False,wheat
-3.076128,25,2209.643733,False,wheat
130.276371,27,2217.521079,True,potato
113.448823,18,2224.291018,True,potato
149.485404,26,2230.823555,True,potato
131.292952,22,2237.9373,True,carrot
144.082598,22,2245.05766,True,carrot
32.24655,23,2251.878139,False,carrot
132.110635,30,2259.537771,True,potato
132.1265,21,2266.314765,True,potato
129.53655,27,2273.719446,True,potato
122.410137,22,2280.909859,True,wheat
121.545454,20,2287.928051,True,wheat
-4.247225,25,2295.441685,False,wheat
119.529466,19,2302.082884,True,wheat
129.52588,27,2309.299379,True,wheat
131.465454,22,2317.075033,True,wheat
148.795049,19,2324.523026,True,carrot
149.041766,34,2332.734378,True,carrot
130.318065,24,2339.877033,True,carrot
131.739849,23,2346.691809,True,potato
149.8965,20,2353.554983,True,potato
129.616371,25,2360.592792,True,potato
147.717992,23,2368.529831,True,potato
110.338015,21,2375.293778,True,potato
132.63655,22,2382.274407,True,potato
3.202105,20,2389.444187,False,wheat
119.239466,20,2396.477303,True,wheat
131.570275,19,2403.253074,True,wheat
115.32251,23,2410.472546,True,carrot
118.183267,30,2418.12886,True,carrot
117.307071,23,2425.604221,True,carrot
147.076896,19,2432.294822,True,carrot
152.459444,21,2439.190257,True,carrot
128.664783,17,2445.929339,True,carrot
129.13246,24,2453.015966,True,wheat
126.974733,18,2460.913194,True,wheat
126.907727,21,2467.86748,True,wheat
115.61251,22,2476.429796,True,potato
129.165404,22,2483.905482,True,potato
130.695454,25,2491.381022,True,potato
128.369466,23,2498.869845,True,potato
128.628823,21,2506.183757,True,potato
129.656523,22,2513.816312,True,potato
129.655049,20,2521.641174,True,carrot
151.808397,21,2529.173095,True,carrot
129.73246,24,2537.369553,True,carrot
147.245049,21,2545.438039,True,wheat
146.589129,23,2553.112925,True,wheat
149.099986,30,2560.924635,True,wheat
131.95655,24,2568.555972,True,carrot
127.887727,19,2575.96404,True,carrot
129.702105,25,2582.872189,True,carrot
129.953557,24,2590.518593,True,potato
128.481169,19,2596.395028,True,potato
130.375404,23,2603.577409,True,potato
129.27246,28,2611.525047,True,wheat
-14.634522,30,2620.184133,False,wheat
121.505454,21,2628.24624,True,wheat
133.645349,28,2636.663495,True,carrot
128.904783,21,2643.803759,True,carrot
133.173008,29,2651.494154,True,carrot
129.11588,20,2658.442131,True,wheat
12.2413,39,2667.146204,False,wheat
147.707387,29,2674.391831,True,wheat
132.09655,23,2682.069132,True,potato
126.146235,29,2689.814894,True,potato
145.088015,21,2698.46234,True,potato
132.720137,33,2706.550834,True,potato
150.618889,26,2713.8754,True,potato
115.41588,15,2720.526553,True,potato
129.665049,20,2727.820608,True,carrot
149.028823,21,2734.92098,True,carrot
166.856896,22,2742.368535,True,carrot
-1.082273,17,2748.993291,False,wheat
132.67655,21,2756.544454,True,wheat
122.143557,18,2763.034924,True,wheat
131.175454,23,2770.435802,True,carrot
130.736371,19,2777.994934,True,carrot
133.677042,23,2785.432456,True,carrot
130.575049,17,2792.57293,True,potato
130.9265,21,2799.704965,True,potato
129.024783,18,2806.523137,True,potato
149.838042,27,2813.848057,True,wheat
138.250087,31,2821.754745,True,wheat
145.12241,28,2829.717004,True,wheat
132.103557,19,2836.890023,True,carrot
132.957042,26,2844.62942,True,carrot
133.021105,23,2857.834198,True,carrot
124.499276,70,2883.878788,True,wheat
105.271767,57,2893.589479,True,wheat
-15.219409,24,2900.862926,False,wheat
129.96554,23,2908.206705,True,potato
126.184733,19,2915.619078,True,potato
25.91067,21,2924.979932,False,potato
132.862259,26,2933.70186,True,wheat
127.359466,27,2944.418819,True,wheat
37.545158,58,2956.865183,False,wheat
126.724733,18,2967.007012,True,potato
128.397727,22,2977.367263,True,potato
128.442547,31,2987.95296,True,potato
143.570958,29,2998.025692,True,carrot
115.025049,19,3007.483312,True,carrot
129.981274,24,3016.628474,True,carrot
128.410177,24,3026.593715,True,potato
132.897647,26,3036.705737,True,potato
128.117727,17,3045.994158,True,potato
125.308823,29,3057.044387,True,wheat
5.777042,23,3066.175132,False,wheat
-7.313765,23,3076.195355,False,wheat
131.473912,27,3085.430071,True,carrot
130.84655,28,3095.113507,True,carrot
112.921008,19,3104.285691,True,carrot
132.47997,24,3114.122133,True,carrot
129.349494,28,3124.435614,True,carrot
128.723952,19,3133.109314,True,carrot
144.184733,19,3142.796349,True,wheat
130.705454,31,3152.874862,True,wheat
10.44152,22,3165.697791,False,wheat
125.87241,28,3177.453143,True,potato
131.133557,22,3188.257406,True,potato
127.205732,22,3197.800621,True,potato
109.334494,34,3208.343744,True,wheat
103.383902,17,3217.281276,True,wheat
-6.156443,28,3228.210882,False,wheat
131.755454,21,3238.142706,True,potato
131.874048,23,3248.348817,True,potato
132.616687,26,3258.606768,True,potato
129.516855,26,3270.863299,True,carrot
126.678015,30,3281.387811,True,carrot
149.045404,25,3291.170313,True,carrot
132.867042,27,3301.171068,True,carrot
128.600177,25,3310.880026,True,carrot
146.273952,24,3319.864786,True,carrot
151.312597,23,3329.1659,True,potato
146.465049,21,3339.199203,True,potato
132.207042,26,3348.759677,True,potato
130.10383,23,3359.086688,True,wheat
131.464048,27,3369.697585,True,wheat
112.496235,29,3380.57684,True,wheat
150.200767,24,3391.003954,True,wheat
129.275049,22,3401.238894,True,wheat
129.622105,22,3410.254219,True,wheat
132.567042,27,3419.23374,True,carrot
27.504783,21,3427.80788,False,carrot
131.954048,26,3437.450966,True,carrot
128.451638,20,3446.103852,True,potato
129.57246,23,3455.253961,True,potato
127.778823,21,3464.358076,True,potato
142.077056,23,3475.03816,True,wheat
132.184703,30,3485.801599,True,wheat
149.04241,20,3495.477405,True,wheat
151.752726,25,3505.157289,True,carrot
129.592105,24,3513.836104,True,carrot
132.424048,23,3523.345303,True,carrot
130.844048,25,3532.160742,True,potato
130.843557,28,3540.653453,True,potato
131.440613,23,3549.632001,True,potato
125.197727,25,3559.095589,True,potato
134.024098,23,3567.539604,True,potato
129.772597,26,3577.085274,True,potato
6.252127,28,3585.354651,False,wheat
132.551507,18,3594.107558,True,wheat
7.355908,87,3609.703222,False,wheat
126.967727,22,3621.523139,True,carrot
110.32067,17,3631.558685,True,carrot
130.413557,25,3641.051207,True,carrot
30.149544,28,3650.180948,False,potato
130.412597,28,3661.113718,True,potato
127.918015,24,3671.107783,True,potato
123.605542,42,3683.633003,True,wheat
142.647727,30,3693.665354,True,wheat
121.193557,23,3703.495414,True,wheat
111.814733,17,3713.107092,True,carrot
-3.9,200,3740.770317,False,carrot
129.249466,22,3751.513556,True,carrot
131.242597,21,3760.762484,True,wheat
150.783269,25,3770.767649,True,wheat
19.330474,41,3783.690925,False,wheat
129.166992,27,3793.231637,True,potato
128.768347,22,3802.686373,True,potato
131.922597,19,3813.226541,True,potato
132.398444,24,3823.565919,True,carrot
127.90241,26,3833.323488,True,carrot
110.82241,23,3842.693594,True,carrot
22.536992,24,3852.049099,False,potato
153.618951,28,3862.221659,True,potato
142.699507,23,3871.551999,True,potato
131.782597,20,3881.163408,True,carrot
149.825404,23,3895.063763,True,carrot
128.635049,18,3904.72174,True,carrot
-7.550087,41,3915.877227,False,wheat
127.505049,25,3925.28284,True,wheat
128.900767,29,3933.945822,True,wheat
132.05655,24,3944.125292,True,carrot
111.503194,23,3953.89557,True,carrot
153.702958,22,3964.812375,True,carrot
123.854733,21,3974.010137,True,potato
131.161507,24,3983.728997,True,potato
131.704048,21,3994.225366,True,potato
134.173008,24,4003.457197,True,wheat
127.165162,39,4015.106066,True,wheat
151.095404,25,4024.280283,True,wheat
127.943952,21,4033.098043,True,carrot
112.355404,21,4042.391717,True,carrot
4.732309,27,4053.137892,False,carrot
129.656523,22,4062.942231,True,potato
127.266613,25,4072.580184,True,potato
130.002726,30,4082.710717,True,potato
129.032597,35,4093.008189,True,wheat
127.672122,21,4102.389641,True,wheat
19.913701,35,4112.879207,False,wheat
149.658823,19,4122.347723,True,carrot
134.278138,26,4131.298452,True,carrot
32.24655,23,4140.686568,False,carrot
153.460823,29,4150.600924,True,wheat
126.318823,32,4161.145984,True,wheat
17.310863,29,4171.605734,False,wheat
130.99655,33,4182.947449,True,potato
132.043606,23,4192.85906,True,potato
151.228397,23,4202.345943,True,potato
131.582338,22,4213.103372,True,potato
133.547647,23,4222.742095,True,potato
129.549315,20,4231.701836,True,potato
3.940578,21,4241.061346,False,wheat
125.853597,26,4250.483366,True,wheat
131.615454,22,4260.031225,True,wheat
133.705195,29,4269.985533,True,carrot
109.971096,17,4278.428713,True,carrot
112.640676,23,4287.888436,True,carrot
131.72655,26,4297.669676,True,carrot
147.865404,22,4306.694819,True,carrot
149.395029,35,4318.738268,True,carrot
132.91064,27,4330.010902,True,wheat
130.435049,18,4338.631661,True,wheat
17.007441,32,4347.610908,False,wheat
131.054048,26,4357.087272,True,potato
152.749494,28,4366.656345,True,potato
130.641008,21,4375.874545,True,potato
131.153557,24,4385.366486,True,carrot
130.721274,22,4394.483607,True,carrot
14.170625,36,4406.739633,False,carrot
-2.094805,24,4416.792151,False,wheat
123.517647,23,4426.897638,True,wheat
-7.325952,28,4437.065063,False,wheat
130.769516,23,4447.257942,True,potato
131.91655,25,4457.09554,True,potato
130.166992,27,4466.472883,True,potato
-3.430644,31,4476.968964,False,wheat
125.493282,21,4486.632468,True,wheat
0.88309,24,4495.970868,False,wheat
127.913952,23,4505.589622,True,carrot
114.378823,16,4513.891618,True,carrot
130.489315,19,4522.767132,True,carrot
130.31246,22,4532.044538,True,potato
128.708823,19,4542.199285,True,potato
132.742775,29,4553.091729,True,potato
-21.235887,17,4562.866296,False,wheat
150.479939,24,4573.402566,True,wheat
150.620591,28,4583.443997,True,wheat
132.63655,22,4592.695108,True,potato
129.559494,24,4602.256224,True,potato
127.620958,19,4611.030034,True,potato
129.571008,19,4619.96004,True,carrot
112.989315,19,4631.273176,True,carrot
-1.5,200,4664.221574,False,carrot
132.63655,23,4674.993073,True,potato
129.265404,22,4684.689388,True,potato
118.05624,24,4694.229667,True,potato
133.677042,23,4704.126637,True,carrot
128.417727,17,4712.437149,True,carrot
131.971815,30,4722.687207,True,carrot
131.192438,22,4732.626219,True,wheat
153.619986,22,4742.446912,True,wheat
126.576541,23,4752.073092,True,wheat
131.93141,25,4761.661101,True,carrot
131.794048,30,4773.389344,True,carrot
0.662105,26,4783.688244,False,carrot
31.852418,75,4801.027773,False,wheat
-4.305372,40,4812.849181,False,wheat
21.867398,65,4827.120411,False,wheat
130.935454,24,4837.722063,True,potato
164.054445,19,4846.938923,True,potato
131.423557,21,4856.387441,True,potato
129.719958,25,4866.153777,True,potato
134.473008,24,4875.693071,True,potato
152.152822,26,4885.784798,True,potato
5.664974,22,4895.083536,False,wheat
130.840591,35,4905.913986,True,wheat
131.174048,28,4916.151657,True,wheat
130.207234,24,4926.225586,True,carrot
132.63655,22,4935.798084,True,carrot
128.180958,17,4944.422084,True,carrot
133.558138,29,4954.77414,True,wheat
-4.460293,30,4966.642132,False,wheat
23.91627,47,4978.259089,False,wheat
131.95655,24,4989.275531,True,carrot
129.338823,17,4998.124015,True,carrot
132.24655,23,5007.718498,True,carrot
131.881507,21,5017.092346,True,potato
130.703557,24,5026.729186,True,potato
146.569799,26,5036.735779,True,potato
147.998823,23,5046.52715,True,wheat
145.686185,22,5056.998636,True,wheat
125.097727,30,5067.166006,True,wheat
130.551274,21,5076.542294,True,carrot
113.636235,23,5085.587486,True,carrot
132.379365,23,5095.540389,True,carrot
131.308873,24,5105.310168,True,potato
130.200767,24,5114.843227,True,potato
127.929344,25,5124.358758,True,potato
128.76246,22,5134.591427,True,potato
167.181767,21,5145.170134,True,potato
129.853459,32,5156.218271,True,potato
151.5865,22,5165.984537,True,carrot
148.915281,23,5177.427706,True,carrot
132.01655,25,5187.070511,True,carrot
130.21246,27,5197.537489,True,wheat
126.732259,28,5208.664833,True,wheat
111.427777,28,5218.252918,True,wheat
133.227647,24,5228.746233,True,potato
132.6555,25,5238.927593,True,potato
150.945049,19,5248.705349,True,potato
131.14251,25,5258.287822,True,carrot
127.587727,19,5267.675469,True,carrot
128.773952,19,5277.38406,True,carrot
131.856992,23,5287.08805,True,wheat
47.229803,200,5317.096916,False,wheat
-5.497158,28,5327.277709,False,wheat
128.079178,27,5338.712596,True,wheat
7.280538,23,5347.903178,False,wheat
118.863952,18,5357.220689,True,wheat
133.21655,20,5366.720925,True,carrot
131.627823,22,5375.922922,True,carrot
128.978015,20,5388.399054,True,carrot
133.383606,22,5397.964817,True,potato
131.980613,22,5410.483176,True,potato
130.963557,25,5420.445825,True,potato
132.790187,29,5430.104749,True,potato
128.778823,21,5440.078403,True,potato
126.890958,21,5449.880959,True,potato
144.814444,27,5459.545545,True,wheat
122.67655,21,5469.694762,True,wheat
18.248302,74,5484.576342,False,wheat
128.398694,25,5493.815069,True,carrot
130.60246,21,5503.807424,True,carrot
128.573952,19,5513.652834,True,carrot
129.212105,26,5523.983707,True,potato
152.649494,23,5534.528046,True,potato
114.911507,24,5546.524876,True,potato
147.881147,21,5555.872843,True,carrot
125.423331,29,5565.646302,True,carrot
147.840958,21,5576.81114,True,carrot
153.272958,29,5591.425313,True,wheat
39.9229,147,5616.567151,False,wheat
140.545049,19,5627.123331,True,wheat
23.074892,81,5643.585923,False,wheat
133.28847,43,5656.763054,True,wheat
131.587042,24,5666.670336,True,wheat
130.735387,25,5676.962622,True,potato
128.664783,22,5687.212388,True,potato
116.541058,18,5698.609391,True,potato
127.023952,24,5709.22796,True,carrot
128.991008,31,5721.197814,True,carrot
129.826371,23,5731.140782,True,carrot
132.34655,23,5741.227135,True,potato
130.963557,22,5750.21012,True,potato
128.068506,26,5760.511839,True,potato
129.281008,20,5769.96418,True,carrot
129.175404,23,5779.986398,True,carrot
130.179516,24,5789.365646,True,carrot
130.50246,21,5799.046493,True,wheat
146.51554,27,5811.093629,True,wheat
119.643557,23,5820.896797,True,wheat
128.451008,22,5830.585807,True,carrot
128.128015,20,5841.395303,True,carrot
128.80246,26,5853.42881,True,carrot
131.450968,25,5864.593381,True,potato
127.441147,17,5873.976618,True,potato
131.38655,27,5884.483343,True,potato
145.907727,21,5892.697303,True,wheat
30.809558,80,5908.890742,False,wheat
148.095049,24,5920.499384,True,wheat
130.892105,24,5930.164468,True,carrot
127.816523,23,5941.123057,True,carrot
144.440958,26,5950.59464,True,carrot
131.199161,20,5960.522402,True,potato
131.723081,28,5972.214006,True,potato
129.887234,22,5981.741546,True,potato
120.804438,37,5992.275761,True,wheat
111.861008,23,6002.010764,True,wheat
-4.471702,44,6014.794527,False,wheat
5.975024,23,6023.898191,False,wheat
16.528384,70,6038.185474,False,wheat
125.186507,118,6056.906913,True,wheat
128.795491,21,6067.30516,True,potato
130.53383,21,6076.987905,True,potato
149.58554,20,6087.505532,True,potato
128.908823,19,6096.3773,True,carrot
126.894783,25,6105.882919,True,carrot
131.834048,24,6117.346152,True,carrot
121.483557,22,6126.228336,True,wheat
13.273693,32,6136.688871,False,wheat
10.182512,52,6149.423003,False,wheat
130.969782,27,6159.364786,True,carrot
130.112105,21,6169.084541,True,carrot
128.90246,26,6178.408042,True,carrot
130.562105,21,6188.103629,True,potato
129.347331,24,6196.34476,True,potato
128.075049,24,6205.602602,True,potato
128.684444,22,6215.73375,True,wheat
129.939161,24,6225.867361,True,wheat
129.42554,24,6236.201394,True,wheat
127.447727,20,6246.333578,True,potato
132.697042,25,6257.154923,True,potato
152.979494,21,6268.614942,True,potato
131.813557,20,6278.42322,True,carrot
127.784783,21,6288.565787,True,carrot
3.245895,27,6299.187303,False,carrot
0.880614,57,6313.454855,False,wheat
5.073375,36,6324.968786,False,wheat
114.570325,29,6336.324615,True,wheat
111.407727,16,6346.121969,True,carrot
113.742393,26,6355.971586,True,carrot
132.30655,24,6366.872758,True,carrot
109.220338,19,6375.517265,True,potato
132.090015,26,6385.299262,True,potato
152.990591,25,6395.52226,True,potato
130.235049,18,6404.846861,True,potato
130.06246,22,6414.400563,True,potato
130.520325,24,6423.36086,True,potato
126.175564,22,6433.30006,True,wheat
108.290946,26,6444.598675,True,wheat
127.035185,87,6462.519305,True,wheat
130.691817,22,6473.970242,True,carrot
129.861008,18,6483.726867,True,carrot
131.541507,22,6492.408426,True,carrot
148.889315,19,6501.949338,True,carrot
132.58655,22,6511.305272,True,carrot
128.238015,26,6520.364095,True,carrot
129.439466,20,6529.474098,True,wheat
132.513606,25,6538.455425,True,wheat
130.35246,21,6547.699799,True,wheat
110.487727,19,6557.021201,True,potato
147.83241,19,6567.097358,True,potato
149.210275,23,6577.191933,True,potato
129.086572,25,6586.740828,True,potato
132.29655,23,6596.300204,True,potato
125.710958,23,6605.496347,True,potato
121.698447,25,6615.758003,True,wheat
130.263557,20,6625.34821,True,wheat
129.83655,27,6636.402289,True,wheat
129.003952,24,6646.10009,True,carrot
129.703557,29,6656.410739,True,carrot
131.480613,24,6666.676045,True,carrot
125.013282,23,6676.404355,True,carrot
151.619603,24,6684.630601,True,carrot
128.655692,27,6695.115903,True,carrot
130.0665,25,6705.662071,True,wheat
131.123789,23,6715.262733,True,wheat
128.158873,29,6726.475188,True,wheat
132.05655,24,6737.306108,True,potato
130.663557,25,6747.501136,True,potato
26.234733,24,6757.979675,False,potato
133.358138,29,6769.250631,True,carrot
152.041274,25,6780.759512,True,carrot
132.05655,24,6790.927107,True,carrot
129.236676,25,6802.412713,True,wheat
128.487281,28,6812.310511,True,wheat
115.720816,26,6822.17036,True,wheat
129.772105,22,6832.780675,True,potato
114.629315,18,6842.331714,True,potato
128.524048,28,6853.47602,True,potato
129.794048,35,6864.038708,True,wheat
125.287727,29,6875.453541,True,wheat
114.973066,34,6886.725071,True,wheat
132.393557,18,6899.387821,True,potato
130.469516,23,6913.800603,True,potato
130.64246,20,6926.462711,True,potato
131.276371,23,6935.85959,True,carrot
149.621341,27,6949.072341,True,carrot
130.3465,23,6960.01516,True,carrot
130.69655,28,6972.556217,True,potato
148.155404,21,6983.371057,True,potato
-0.649042,22,6993.983169,False,potato
-0.338,26,7005.729977,False,carrot
132.174048,23,7017.04858,True,carrot
131.834048,24,7028.941567,True,carrot
127.736896,22,7041.402505,True,wheat
129.421507,30,7052.362076,True,wheat
133.774098,23,7063.802782,True,wheat
16.897485,27,7075.104111,False,potato
128.943952,23,7086.737038,True,potato
128.621008,24,7098.697749,True,potato
128.521946,75,7117.007431,True,wheat
133.719098,27,7128.319141,True,wheat
145.95241,21,7140.645034,True,wheat
130.763557,25,7150.835989,True,carrot
146.007727,23,7160.513028,True,carrot
28.545049,24,7170.386726,False,carrot
115.963606,25,7180.274887,True,wheat
128.619466,23,7189.360579,True,wheat
135.165509,33,7201.83274,True,wheat
134.065952,23,7212.07744,True,carrot
130.40554,22,7222.123519,True,carrot
129.743557,28,7232.686318,True,carrot
129.905281,22,7243.238911,True,potato
131.369516,23,7253.517607,True,potato
130.702105,25,7264.53794,True,potato
134.083267,25,7275.187735,True,potato
128.988065,28,7286.010013,True,potato
127.074783,28,7296.820356,True,potato
126.849507,18,7307.628471,True,carrot
131.059516,22,7317.879735,True,carrot
148.450958,22,7328.161136,True,carrot
128.132259,23,7338.306177,True,wheat
131.71655,25,7350.514438,True,wheat
129.358015,28,7362.181002,True,wheat
19.478397,23,7372.987611,False,potato
133.298563,23,7383.904245,True,potato
168.307992,20,7392.49447,True,potato
145.05241,30,7402.695583,True,wheat
128.062122,25,7412.174595,True,wheat
138.998354,51,7426.363151,True,wheat
28.030807,23,7436.793217,False,carrot
130.519228,21,7445.81581,True,carrot
153.879986,23,7457.168698,True,carrot
114.837331,21,7466.784176,True,potato
4.032597,20,7479.298606,False,potato
127.994783,25,7489.217333,True,potato
130.4065,24,7499.225026,True,wheat
148.346992,25,7510.298547,True,wheat
130.342597,26,7519.305504,True,wheat
130.162105,21,7526.826865,True,carrot
167.675354,23,7535.782813,True,carrot
130.369444,25,7546.565512,True,carrot
127.905225,24,7554.824712,True,carrot
148.303902,17,7563.121833,True,carrot
133.0955,24,7572.964992,True,carrot
147.849131,18,7580.656873,True,potato
4.225619,26,7588.808416,False,potato
146.103952,28,7598.5262,True,potato
126.382122,22,7607.446727,True,wheat
130.14655,28,7617.172841,True,wheat
15.287955,24,7626.221958,False,wheat
152.689494,22,7634.573877,True,carrot
130.06246,22,7644.176413,True,carrot
132.483217,30,7653.216215,True,carrot
131.941105,25,7662.142714,True,potato
127.821767,20,7670.571553,True,potato
149.837686,26,7680.054004,True,potato
128.975454,28,7692.059339,True,wheat
15.008781,32,7701.926918,False,wheat
132.013557,30,7711.216995,True,wheat
129.913557,25,7720.814236,True,wheat
126.058015,28,7729.913757,True,wheat
29.830946,30,7738.960124,False,wheat
136.921437,26,7750.168,True,potato
127.620958,19,7759.042269,True,potato
151.702259,20,7766.453957,True,potato
129.482105,23,7776.929167,True,carrot
130.68246,19,7786.69223,True,carrot
130.049516,26,7797.121771,True,carrot
122.044671,48,7807.8083,True,wheat
125.252451,23,7817.10341,True,wheat
-5.091732,23,7826.25805,False,wheat
130.268397,29,7836.76283,True,potato
111.774783,18,7844.118198,True,potato
147.790958,21,7852.509316,True,potato
131.0765,26,7861.452906,True,carrot
131.175454,23,7870.42559,True,carrot
128.897992,19,7878.445004,True,carrot
5.641105,24,7889.324227,False,carrot
129.571008,19,7896.477371,True,carrot
148.695404,20,7905.349771,True,carrot
8.471545,48,7916.475217,False,wheat
151.855597,31,7926.313497,True,wheat
129.78246,24,7935.503904,True,wheat
113.779419,17,7945.187787,True,potato
1.332597,31,7954.11441,False,potato
145.84067,19,7962.568252,True,potato
130.35246,21,7971.489703,True,carrot
144.290958,21,7979.98463,True,carrot
29.61554,23,7989.1279,False,carrot
125.837727,19,7997.424355,True,potato
130.563914,24,8006.824476,True,potato
129.983322,29,8016.339574,True,potato
130.68655,27,8025.872536,True,wheat
128.051767,28,8034.762963,True,wheat
148.446896,20,8044.242417,True,wheat
145.82005,17,8052.478835,True,potato
130.64246,20,8061.132176,True,potato
130.635454,24,8070.444271,True,potato
128.371957,22,8078.278022,True,carrot
-0.052273,25,8087.428732,False,carrot
130.482105,20,8096.448775,True,carrot
128.584783,24,8105.584541,True,wheat
165.72067,17,8113.747906,True,wheat
147.470591,33,8122.694228,True,wheat
129.70246,23,8131.224629,True,potato
149.537992,20,8139.905691,True,potato
128.522172,25,8149.883815,True,potato
146.206896,22,8159.409005,True,wheat
164.58067,20,8167.606411,True,wheat
131.06251,27,8176.876127,True,wheat
127.008823,19,8185.316236,True,carrot
127.036275,20,8193.614257,True,carrot
110.447727,20,8203.42321,True,carrot
109.877441,26,8211.81171,True,wheat
131.252952,25,8220.344776,True,wheat
132.33381,27,8229.573787,True,wheat
152.979494,21,8237.714526,True,carrot
126.367727,22,8246.327001,True,carrot
110.468846,23,8255.091863,True,carrot
111.793244,21,8263.958837,True,potato
150.777952,30,8274.046829,True,potato
155.507049,25,8281.703294,True,potato
4.858161,27,8290.771959,False,potato
152.639494,22,8299.690784,True,potato
167.007992,20,8307.943749,True,potato
130.585692,26,8317.278435,True,carrot
150.828397,25,8326.471392,True,carrot
149.767727,21,8335.562137,True,carrot
122.885173,53,8347.928978,True,wheat
128.31246,27,8358.122507,True,wheat
129.9965,23,8367.270743,True,wheat
129.939494,36,8377.267603,True,wheat
147.875527,82,8391.983503,True,wheat
124.620338,24,8400.570204,True,wheat
129.924388,30,8410.153877,True,potato
132.64997,23,8419.488081,True,potato
146.713952,23,8429.024436,True,potato
152.299494,23,8438.043108,True,carrot
132.704048,21,8447.512642,True,carrot
134.107042,21,8456.462221,True,carrot
144.364733,22,8465.398398,True,potato
131.012105,25,8473.89735,True,potato
135.581132,31,8485.716267,True,potato
130.512438,29,8495.020868,True,carrot
130.60246,21,8504.437597,True,carrot
133.731082,26,8514.382565,True,carrot
129.0365,32,8523.849586,True,wheat
112.11588,22,8532.916016,True,wheat
18.472143,51,8545.638754,False,wheat
132.045454,20,8554.071647,True,carrot
126.159315,26,8563.301029,True,carrot
130.07246,22,8571.956809,True,carrot
128.673952,24,8581.478062,True,wheat
126.270338,24,8590.732314,True,wheat
146.36067,21,8599.241455,True,wheat
125.564113,18,8608.476156,True,potato
131.892338,26,8617.468005,True,potato
133.577042,23,8626.708341,True,potato
131.130275,22,8635.43111,True,potato
149.694623,31,8645.179111,True,potato
133.01655,27,8653.95157,True,potato
129.575742,32,8664.623332,True,carrot
-1.746718,19,8672.723169,False,carrot
129.563219,23,8680.698855,True,carrot
128.321839,23,8689.096561,True,wheat
113.775404,23,8699.525106,True,wheat
128.533331,25,8709.202835,True,wheat
152.081629,25,8718.312435,True,carrot
148.50241,26,8727.105445,True,carrot
131.37655,26,8736.281472,True,carrot
129.713219,23,8745.928041,True,potato
124.464733,26,8755.516416,True,potato
132.894365,24,8765.780982,True,potato
149.598397,30,8774.237534,True,wheat
127.576896,24,8783.50218,True,wheat
154.921574,27,8792.784938,True,wheat
130.042105,24,8802.125629,True,carrot
150.250958,17,8810.670591,True,carrot
149.6765,26,8820.181213,True,carrot
151.270591,28,8829.464059,True,wheat
130.359986,26,8839.05647,True,wheat
148.827727,23,8848.196015,True,wheat
146.817677,17,8856.567475,True,potato
133.934703,25,8865.612683,True,potato
128.35821,37,8875.798048,True,potato
116.227042,28,8886.561207,True,wheat
129.649228,24,8896.669119,True,wheat
145.571767,25,8905.581002,True,wheat
133.187647,25,8914.713834,True,potato
132.92655,21,8923.607595,True,potato
129.319111,27,8932.846548,True,potato
130.365404,22,8941.959529,True,carrot
151.528484,19,8950.078794,True,carrot
129.693241,21,8959.007365,True,carrot
122.108127,44,8971.725794,True,wheat
127.178015,25,8983.038828,True,wheat
152.320154,45,8994.690924,True,wheat
153.680591,24,9004.261446,True,carrot
27.347727,20,9012.949222,False,carrot
146.96241,22,9021.981229,True,carrot
135.493267,31,9030.613832,True,potato
127.21588,25,9040.517124,True,potato
133.72624,26,9050.33719,True,potato
131.351105,26,9061.208084,True,potato
130.974769,28,9071.959415,True,potato
133.220462,25,9081.88549,True,potato
129.275404,23,9090.601618,True,wheat
128.932309,43,9102.289493,True,wheat
146.186896,29,9112.482523,True,wheat
129.986168,24,9121.615895,True,carrot
132.34655,23,9130.869783,True,carrot
132.27655,23,9139.638847,True,carrot
132.294048,25,9148.874854,True,potato
132.21251,22,9159.183834,True,potato
108.423194,20,9170.888707,True,potato
129.703557,29,9179.890805,True,wheat
132.64655,23,9191.224075,True,wheat
132.11655,25,9201.72918,True,wheat
131.881444,26,9212.168118,True,carrot
126.684733,19,9224.17423,True,carrot
152.949986,27,9233.459641,True,carrot
132.676124,33,9246.942215,True,potato
127.501789,18,9257.601496,True,potato
151.207955,26,9267.26024,True,potato
131.153557,24,9278.247367,True,carrot
127.787184,22,9287.22459,True,carrot
133.105454,26,9295.90334,True,carrot
145.78554,30,9306.560161,True,wheat
104.04973,27,9317.460279,True,wheat
132.015945,26,9327.952491,True,wheat
152.699727,25,9337.917188,True,potato
130.919494,25,9348.788769,True,potato
135.179233,26,9358.111004,True,potato
131.176371,23,9368.621918,True,carrot
127.246563,23,9377.707996,True,carrot
132.062952,29,9391.615552,True,carrot
134.92863,28,9401.445428,True,wheat
133.501574,35,9412.096947,True,wheat
130.780275,22,9421.704763,True,wheat
129.62655,26,9431.388912,True,potato
112.498685,27,9441.224917,True,potato
130.429516,24,9451.188048,True,potato
129.927777,23,9460.594566,True,carrot
129.192105,24,9469.781884,True,carrot
130.005049,19,9478.030078,True,carrot
131.172338,24,9488.280767,True,wheat
143.249986,25,9497.806056,True,wheat
128.745404,20,9507.340026,True,wheat
130.210816,32,9520.484564,True,wheat
-0.960826,24,9529.618994,False,wheat
140.610185,50,9540.87616,True,wheat
152.399494,23,9550.119731,True,potato
129.239466,25,9559.484914,True,potato
131.035454,29,9568.840541,True,potato
130.35246,21,9578.071896,True,carrot
128.278015,25,9587.226424,True,carrot
129.99246,25,9596.338723,True,carrot
129.649516,26,9605.655424,True,potato
130.87655,26,9615.138266,True,potato
151.228397,23,9624.424999,True,potato
128.187184,22,9632.665773,True,carrot
127.036563,21,9639.530089,True,carrot
145.587372,23,9648.10305,True,carrot
113.987776,21,9657.134575,True,wheat
130.65246,21,9665.624471,True,wheat
139.920227,60,9679.524954,True,wheat
122.388753,46,9690.581268,True,wheat
146.948042,26,9700.157794,True,wheat
148.068951,43,9713.736532,True,wheat
131.572105,22,9722.423753,True,potato
152.989494,21,9729.868345,True,potato
129.12067,17,9737.926046,True,potato
131.755454,21,9746.850181,True,carrot
130.369494,27,9755.760836,True,carrot
130.185049,18,9764.023292,True,carrot
129.951988,78,9779.854088,True,wheat
123.953331,32,9789.862226,True,wheat
127.277219,37,9798.812939,True,wheat
128.771008,24,9808.223296,True,potato
166.73067,18,9817.479328,True,potato
153.530591,24,9826.884045,True,potato
130.37588,21,9837.239943,True,carrot
150.9465,25,9846.075201,True,carrot
128.27554,24,9855.682739,True,carrot
150.259936,26,9865.346531,True,wheat
137.874301,43,9876.786124,True,wheat
133.627042,23,9885.849206,True,wheat
168.403219,21,9894.484469,True,carrot
130.64246,20,9903.790414,True,carrot
131.383557,27,9912.754291,True,carrot
125.054733,25,9921.928995,True,potato
133.293267,28,9931.782661,True,potato
110.788635,26,9941.052003,True,potato
152.649494,23,9949.13449,True,potato
130.924177,31,9961.434748,True,potato
114.979494,26,9970.809239,True,potato
128.265281,28,9981.432612,True,wheat
147.87554,36,9992.395667,True,wheat
128.976992,33,10002.787753,True,wheat
151.0665,25,10011.820829,True,carrot
130.60246,21,10021.845294,True,carrot
147.345049,24,10031.129022,True,carrot
135.001653,32,10040.822827,True,wheat
130.029494,31,10053.137978,True,wheat
148.606896,22,10062.344747,True,wheat
144.296225,17,10070.961622,True,potato
130.418065,24,10080.366119,True,potato
151.2065,24,10090.767723,True,potato
132.253557,24,10098.820311,True,carrot
151.006403,30,10108.91182,True,carrot
165.412451,19,10117.998196,True,carrot
126.684733,19,10127.166544,True,carrot
148.405404,21,10136.229887,True,carrot
146.413902,23,10145.5548,True,carrot
153.075902,24,10154.707331,True,wheat
132.544177,33,10164.862189,True,wheat
119.255033,34,10175.012224,True,wheat
131.615454,22,10184.590752,True,potato
132.571679,28,10193.960901,True,potato
111.505902,25,10207.135514,True,potato
152.109494,24,10224.643352,True,carrot
132.04655,25,10237.344682,True,carrot
133.157042,26,10246.689602,True,carrot
150.036992,24,10256.270834,True,wheat
128.38246,28,10266.491728,True,wheat
146.153952,22,10275.575516,True,wheat
130.663217,33,10285.981177,True,potato
130.725049,17,10294.772233,True,potato
164.667677,22,10302.770175,True,potato
152.279986,23,10314.154056,True,wheat
117.303606,24,10326.007788,True,wheat
127.480946,40,10339.114364,True,wheat
152.649494,23,10350.059999,True,potato
128.57554,21,10359.212244,True,potato
4.31655,25,10369.210485,False,potato
128.701008,22,10378.653719,True,carrot
167.368347,22,10388.212596,True,carrot
131.673557,21,10397.322144,True,carrot
133.741105,20,10406.604623,True,potato
150.718347,22,10415.801527,True,potato
127.395121,27,10425.776648,True,potato
148.669444,29,10436.462022,True,wheat
152.720591,28,10447.048793,True,wheat
10.115049,26,10456.981564,False,wheat
132.308357,29,10466.684059,True,carrot
151.518397,22,10476.464057,True,carrot
131.383557,22,10486.350964,True,carrot
128.7665,25,10496.638041,True,wheat
163.511341,36,10506.990751,True,wheat
151.447647,26,10516.68742,True,wheat
152.649494,23,10525.788058,True,potato
132.578735,25,10536.726714,True,potato
145.319507,20,10546.101676,True,potato
131.47655,26,10555.605693,True,carrot
134.955679,33,10566.559891,True,carrot
144.349507,23,10576.468872,True,carrot
147.296896,21,10585.973655,True,wheat
113.654584,28,10595.984684,True,wheat
131.639544,32,10606.347201,True,wheat
151.60554,27,10616.286759,True,carrot
129.618015,19,10625.393842,True,carrot
150.641629,26,10636.269028,True,carrot
149.854048,26,10646.507208,True,potato
131.192726,29,10656.739943,True,potato
112.496188,17,10665.362341,True,potato
132.184098,29,10675.701379,True,wheat
126.303952,27,10684.768387,True,wheat
130.135454,24,10695.398594,True,wheat
129.466523,23,10705.318534,True,potato
113.065454,27,10714.9061,True,potato
116.44014,25,10724.216662,True,potato
132.05655,24,10733.938689,True,carrot
132.274048,23,10744.912658,True,carrot
131.607042,26,10756.810416,True,carrot
152.649494,23,10765.490089,True,potato
132.78655,22,10775.243567,True,potato
152.346992,25,10785.333945,True,potato
127.79241,25,10797.318957,True,wheat
125.341789,30,10807.513541,True,wheat
132.93075,28,10818.047805,True,wheat
128.751008,22,10828.909977,True,carrot
135.65863,26,10840.472207,True,carrot
130.745454,25,10849.771724,True,carrot
128.38241,21,10860.190482,True,potato
151.403269,22,10869.775695,True,potato
133.153251,28,10880.355959,True,potato
128.93429,29,10890.170299,True,carrot
149.829494,26,10900.445182,True,carrot
129.782105,25,10909.731199,True,carrot
150.391341,24,10918.929165,True,wheat
130.12445,27,10928.21649,True,wheat
130.6465,28,10938.014899,True,wheat
126.730434,34,10949.072526,True,wheat
123.944098,25,10959.018681,True,wheat
127.157604,29,10969.711172,True,wheat
128.12241,23,10979.586097,True,carrot
130.530613,27,10988.938579,True,carrot
132.448002,27,10998.740814,True,carrot
134.274098,23,11007.533175,True,potato
149.274495,23,11017.335785,True,potato
149.708873,24,11027.624901,True,potato
150.365404,22,11037.462417,True,potato
126.785071,30,11047.480705,True,potato
130.573557,26,11060.049189,True,potato
125.921169,24,11071.167066,True,carrot
133.097042,25,11081.242332,True,carrot
132.763606,25,11090.681128,True,carrot
130.3145,29,11101.676519,True,wheat
154.103584,26,11111.288951,True,wheat
146.823507,26,11121.484283,True,wheat
109.728203,21,11130.966843,True,potato
146.118635,29,11140.754985,True,potato
133.967042,22,11150.174329,True,potato
130.809228,20,11160.134429,True,carrot
148.329178,22,11169.538326,True,carrot
132.124048,23,11178.678527,True,carrot
138.815634,37,11189.659911,True,wheat
129.233269,30,11200.366224,True,wheat
124.508218,28,11210.48442,True,wheat
149.979444,23,11220.166524,True,potato
132.897042,27,11230.126717,True,potato
125.820338,19,11240.051738,True,potato
131.08593,27,11249.641579,True,carrot
131.35313,31,11260.536906,True,carrot
114.310116,28,11271.88457,True,carrot
126.330958,25,11281.547141,True,wheat
149.619494,25,11291.827169,True,wheat
129.695281,26,11301.958391,True,wheat
131.956905,25,11311.768221,True,carrot
149.2865,22,11321.108516,True,carrot
132.763606,25,11330.385383,True,carrot
129.9565,24,11340.123562,True,potato
132.502597,17,11349.130619,True,potato
134.584105,28,11362.031541,True,potato
145.208169,23,11373.87879,True,wheat
132.768968,31,11383.672925,True,wheat
144.363282,23,11392.602455,True,wheat
131.572105,22,11401.770297,True,potato
128.835071,21,11410.787606,True,potato
129.861008,18,11420.784893,True,potato
132.108685,35,11438.956938,True,carrot
152.489986,24,11449.695393,True,carrot
119.062825,28,11464.102186,True,carrot
128.8965,28,11477.77052,True,wheat
128.651767,23,11488.99324,True,wheat
129.617234,25,11509.575236,True,wheat
114.195454,30,11525.333095,True,potato
132.661913,28,11545.794088,True,potato
130.015454,27,11559.038706,True,potato
115.699494,23,11572.197569,True,carrot
130.46246,22,11582.396473,True,carrot
128.258203,23,11595.543472,True,carrot
132.473606,26,11609.993309,True,wheat
133.553734,42,11622.908189,True,wheat
144.215404,37,11643.735335,True,wheat
129.77246,23,11655.679276,True,potato
117.969986,22,11668.365201,True,potato
134.038138,27,11680.762552,True,potato
133.85829,30,11692.12468,True,carrot
131.423912,22,11702.387193,True,carrot
110.741789,20,11712.104266,True,carrot
145.835049,33,11726.728457,True,wheat
131.590613,23,11736.286243,True,wheat
127.771147,20,11746.682115,True,wheat
133.477647,24,11758.234278,True,potato
149.810767,20,11767.125214,True,potato
133.083606,24,11777.104535,True,potato
129.990563,23,11785.913587,True,wheat
125.81067,26,11796.134138,True,wheat
124.463872,24,11806.22595,True,wheat
137.684301,43,11817.798777,True,carrot
132.212597,18,11827.567693,True,carrot
129.204783,26,11840.444428,True,carrot
142.477992,37,11859.744099,True,wheat
134.103267,32,11873.664756,True,wheat
152.812726,26,11883.350456,True,wheat
129.997331,22,11892.912879,True,carrot
133.582775,23,11903.229776,True,carrot
153.552487,24,11914.983577,True,carrot
147.925049,22,11930.776671,True,potato
128.619466,23,11942.889936,True,potato
128.184162,19,11955.469547,True,potato
128.561008,25,11969.764327,True,wheat
132.324048,25,11980.051103,True,wheat
134.104227,31,11991.677344,True,wheat
135.704969,31,12003.804775,True,potato
130.535454,24,12013.626107,True,potato
128.128015,20,12024.25845,True,potato
128.194783,25,12037.875556,True,carrot
129.15246,26,12047.923151,True,carrot
129.77246,23,12057.06147,True,carrot
132.826992,23,12065.851153,True,potato
129.945049,19,12075.718859,True,potato
132.63655,22,12086.999133,True,potato
130.922597,19,12096.43268,True,wheat
134.54863,30,12111.446754,True,wheat
131.714048,27,12125.947443,True,wheat
131.544048,25,12138.403538,True,carrot
132.66655,22,12147.85045,True,carrot
150.323557,21,12161.860393,True,carrot
130.60246,21,12175.917689,True,potato
132.103269,22,12185.731293,True,potato
134.236172,25,12196.030238,True,potato
131.6555,30,12208.301367,True,wheat
150.428823,21,12218.066925,True,wheat
131.943396,36,12229.244156,True,wheat
129.869466,22,12239.672658,True,carrot
127.387372,18,12249.159428,True,carrot
129.148015,22,12258.78246,True,carrot
130.452105,25,12268.297564,True,carrot
147.353952,21,12277.375816,True,carrot
128.821008,19,12287.36566,True,carrot
131.963557,20,12296.602828,True,potato
146.437727,24,12305.884375,True,potato
130.367854,32,12316.169919,True,potato
149.436992,24,12325.45704,True,wheat
128.559444,29,12336.276237,True,wheat
132.16997,25,12345.487665,True,wheat
128.128823,21,12354.805195,True,potato
127.620958,19,12363.745692,True,potato
129.45588,19,12372.132079,True,potato
133.434098,26,12381.347553,True,carrot
127.047727,25,12390.507227,True,carrot
129.065049,21,12399.952754,True,carrot
128.243507,33,12411.125462,True,wheat
131.516992,22,12421.50254,True,wheat
151.990015,26,12431.16601,True,wheat
131.580613,24,12440.904013,True,carrot
149.480604,19,12449.538453,True,carrot
130.72492,24,12459.024679,True,carrot
129.53145,22,12468.956683,True,wheat
132.865136,37,12479.823082,True,wheat
151.12554,24,12491.938978,True,wheat
144.076225,20,12501.381706,True,potato
130.89246,20,12511.520143,True,potato
127.828015,22,12520.404794,True,potato
151.322438,25,12530.663021,True,potato
131.2165,20,12539.875133,True,potato
132.578822,21,12549.423961,True,potato
126.585732,25,12559.370274,True,carrot
151.413217,28,12569.904261,True,carrot
130.132726,35,12580.784588,True,carrot
129.432105,23,12590.269826,True,wheat
125.90067,25,12600.402113,True,wheat
133.510452,31,12610.472648,True,wheat
131.559653,23,12621.301308,True,carrot
128.320958,21,12630.358068,True,carrot
128.370958,19,12638.950742,True,carrot
129.200958,17,12648.79721,True,potato
129.855049,25,12658.830094,True,potato
133.360462,26,12668.235096,True,potato
136.211549,39,12679.147493,True,wheat
153.341854,33,12689.02643,True,wheat
151.35445,23,12698.791879,True,wheat
129.859466,22,12708.113447,True,carrot
128.619466,23,12718.504102,True,carrot
130.71655,30,12728.633526,True,carrot
133.677042,23,12738.151653,True,wheat
132.042958,26,12747.753382,True,wheat
127.741767,27,12757.49121,True,wheat
127.960958,18,12766.751797,True,potato
132.957042,26,12777.016394,True,potato
3.81997,28,12787.377449,False,potato
132.947042,25,12796.782355,True,potato
127.090958,21,12806.585304,True,potato
130.650275,24,12816.838317,True,potato
131.295275,22,12825.872381,True,carrot
131.22246,23,12835.07807,True,carrot
127.55241,25,12843.841703,True,carrot
131.726992,28,12853.837216,True,wheat
128.66554,28,12863.783714,True,wheat
131.947647,31,12873.869702,True,wheat
133.500591,26,12888.501083,True,wheat
170.802929,25,12898.734175,True,wheat
149.676992,29,12913.305801,True,wheat
129.984478,25,12922.979007,True,carrot
127.404378,20,12939.094491,True,carrot
150.818444,26,12952.160092,True,carrot
163.421452,18,12962.771401,True,potato
129.182105,25,12972.642151,True,potato
127.896235,24,12983.137466,True,potato
129.59246,25,12994.192669,True,carrot
148.365202,21,13004.472466,True,carrot
129.675454,28,13015.536932,True,carrot
125.346225,21,13025.657255,True,wheat
133.654857,27,13036.476989,True,wheat
129.45554,27,13048.577304,True,wheat
130.112172,25,13059.359298,True,potato
128.909466,22,13068.686102,True,potato
135.522087,33,13080.532276,True,potato
112.628823,16,13091.459004,True,potato
154.26716,27,13101.818714,True,potato
131.032105,23,13111.953373,True,potato
127.960958,18,13121.6782,True,carrot
131.980613,22,13132.441029,True,carrot
147.333952,20,13142.311194,True,carrot
130.465281,28,13153.114775,True,wheat
122.34655,23,13163.356313,True,wheat
148.15554,27,13173.844973,True,wheat
132.027732,27,13184.630079,True,wheat
133.093606,23,13195.301377,True,wheat
107.833128,42,13207.900597,True,wheat
128.551839,21,13217.683147,True,carrot
132.097647,26,13227.866396,True,carrot
125.589507,22,13237.671803,True,carrot
130.595454,25,13248.171976,True,potato
150.47246,23,13258.464805,True,potato
-7.547006,200,13293.610206,False,potato
151.398444,24,13304.349244,True,carrot
112.410889,26,13315.551084,True,carrot
129.252726,32,13326.915727,True,carrot
22.27409,29,13337.567269,False,wheat
147.135049,25,13348.282414,True,wheat
131.895281,21,13360.592063,True,wheat
149.68554,20,13371.342901,True,potato
131.32554,19,13381.393482,True,potato
131.725895,22,13391.680523,True,potato
151.469494,29,13402.607315,True,potato
129.15588,26,13413.097509,True,potato
126.598015,22,13423.502723,True,potato
4.96445,69,13439.400566,False,wheat
132.780064,30,13452.306912,True,wheat
132.15267,27,13462.408119,True,wheat
147.940958,26,13473.226057,True,carrot
148.140958,21,13482.325535,True,carrot
128.283952,20,13492.037114,True,carrot
130.959161,26,13502.965669,True,wheat
132.510823,29,13513.974536,True,wheat
131.824788,27,13526.313586,True,wheat
128.03241,23,13536.043156,True,potato
116.036007,30,13547.460835,True,potato
127.460958,25,13557.555478,True,potato
129.721008,19,13567.443946,True,carrot
129.095542,21,13578.144161,True,carrot
130.769161,22,13590.265796,True,carrot
128.411766,31,13601.928032,True,wheat
127.581095,26,13611.837966,True,wheat
150.209184,34,13623.299293,True,wheat
126.601789,21,13635.374843,True,potato
-0.251831,22,13647.977128,False,potato
130.060177,19,13660.44447,True,potato
167.015354,23,13672.924559,True,carrot
131.202597,22,13685.20904,True,carrot
129.705049,20,13696.24929,True,carrot
132.957042,26,13709.073765,True,potato
130.243219,21,13719.256369,True,potato
130.769161,22,13729.718945,True,potato
113.051008,27,13741.389749,True,wheat
130.49554,21,13753.07901,True,wheat
150.731507,21,13762.838742,True,wheat
127.03005,23,13773.9929,True,carrot
133.314098,32,13785.615722,True,carrot
146.411501,22,13795.969586,True,carrot
126.849466,26,13806.809397,True,carrot
126.950958,22,13817.969499,True,carrot
131.279653,25,13828.775011,True,carrot
131.576992,23,13839.286712,True,wheat
128.90246,26,13850.475381,True,wheat
129.309315,21,13861.1729,True,wheat
27.056896,22,13871.5062,False,potato
-2.647006,200,13915.784109,False,potato
125.900604,26,13929.394701,True,potato
133.123872,35,13945.050269,True,potato
128.973081,33,13960.612209,True,potato
133.047647,26,13975.921821,True,potato
128.967062,26,13990.404411,True,wheat
4.299184,33,14005.949109,False,wheat
133.171105,23,14019.741794,True,wheat
130.1965,23,14033.133898,True,carrot
128.524783,23,14047.199255,True,carrot
127.416563,20,14061.009793,True,carrot
133.797092,30,14076.05853,True,carrot
131.492597,21,14088.577206,True,carrot
130.765049,21,14103.367286,True,carrot
130.29383,22,14118.466411,True,wheat
133.153613,28,14132.124012,True,wheat
125.797992,34,14147.015874,True,wheat
133.144048,20,14162.207376,True,potato
126.601789,21,14174.413551,True,potato
131.044002,30,14188.732291,True,potato
129.978896,24,14203.041642,True,potato
129.863291,21,14216.503428,True,potato
131.670816,26,14231.085159,True,potato
128.440958,20,14245.169117,True,wheat
120.886733,49,14263.138646,True,wheat
128.162055,26,14277.249454,True,wheat
135.322735,35,14293.49724,True,carrot
131.599494,23,14307.83937,True,carrot
132.657042,26,14320.965813,True,carrot
131.969315,17,14333.354615,True,potato
125.603282,19,14345.751906,True,potato
128.391008,25,14360.866492,True,potato
126.992788,24,14375.176704,True,carrot
124.817677,22,14388.507716,True,carrot
132.34655,23,14403.167107,True,carrot
129.063952,23,14417.063995,True,wheat
1.074048,33,14434.562372,False,wheat
128.5565,29,14450.177663,True,wheat
129.722936,21,14462.937786,True,wheat
129.92246,23,14476.348066,True,wheat
129.753557,29,14491.49527,True,wheat
115.559315,16,14504.207618,True,potato
128.823952,19,14517.442024,True,potato
152.649494,23,14530.937309,True,potato
126.397727,20,14544.59452,True,carrot
124.875732,22,14558.943327,True,carrot
116.238722,42,14575.387111,True,carrot
127.420958,19,14588.917813,True,carrot
126.301789,23,14603.934063,True,carrot
129.090177,22,14616.997816,True,carrot
129.643557,28,14634.191969,True,potato
128.088015,21,14648.447398,True,potato
131.62655,26,14663.553498,True,potato
25.851507,38,14680.488394,False,wheat
112.864832,24,14696.344696,True,wheat
-6.79591,38,14713.303711,False,wheat
129.794951,30,14727.871929,True,carrot
128.973952,19,14741.303911,True,carrot
129.215116,25,14757.948227,True,carrot
130.00766,22,14774.213242,True,wheat
130.978426,25,14788.107762,True,wheat
129.592105,24,14802.732311,True,wheat
132.862775,26,14820.302318,True,potato
133.82624,26,14845.50368,True,potato
131.641766,22,14861.980548,True,potato
130.384048,29,14878.715686,True,wheat
129.265404,22,14892.222604,True,wheat
31.200015,29,14907.151267,False,wheat
126.626563,21,14922.360679,True,potato
129.393269,26,14938.379249,True,potato
129.403952,17,14951.885146,True,potato
131.719986,27,14964.6504,True,carrot
131.233269,25,14978.577884,True,carrot
128.278694,23,14990.765954,True,carrot
129.848685,27,15005.237245,True,carrot
130.484218,24,15017.879106,True,carrot
129.438823,27,15030.721378,True,carrot
132.957042,26,15043.393408,True,wheat
140.367727,37,15058.131924,True,wheat
129.876371,28,15070.829331,True,wheat
128.741008,26,15083.321858,True,potato
128.823952,19,15094.664613,True,potato
130.361976,23,15106.662007,True,potato
129.598151,23,15118.906834,True,potato
113.003952,22,15131.360385,True,potato
129.186185,23,15142.641831,True,potato
133.65028,36,15157.264072,True,wheat
152.588267,35,15170.996461,True,wheat
122.789315,39,15184.533203,True,wheat
136.124709,20,15197.756778,True,carrot
126.267677,22,15211.502321,True,carrot
115.129161,23,15223.745353,True,carrot
128.698823,25,15239.348073,True,wheat
131.078563,31,15252.820925,True,wheat
131.260015,33,15267.929848,True,wheat
130.563557,25,15282.393295,True,carrot
117.80203,26,15294.918141,True,carrot
152.157801,26,15307.576836,True,carrot
129.403952,17,15319.147843,True,potato
134.547042,25,15331.199762,True,potato
126.718015,24,15343.42407,True,potato
133.220274,24,15356.483445,True,carrot
132.529653,20,15368.38994,True,carrot
131.002726,25,15381.675411,True,carrot
129.728823,21,15392.87651,True,wheat
145.98445,40,15406.827133,True,wheat
122.347372,34,15420.476005,True,wheat
129.488065,21,15432.281064,True,potato
131.032105,18,15445.44211,True,potato
133.215008,24,15458.548876,True,potato
146.707863,22,15470.167252,True,wheat
119.806275,52,15486.819118,True,wheat
132.64655,22,15499.36121,True,wheat
131.842775,29,15516.067292,True,potato
131.034703,30,15529.264714,True,potato
133.967042,22,15542.4403,True,potato
114.209534,21,15555.849446,True,carrot
132.944365,24,15568.360548,True,carrot
132.30718,27,15580.655039,True,carrot
133.008138,29,15594.607143,True,wheat
132.607647,27,15607.776878,True,wheat
130.548225,21,15619.673972,True,wheat
127.297727,25,15632.501381,True,potato
130.782338,22,15643.783824,True,potato
131.319494,25,15657.651389,True,potato
128.322105,27,15672.041579,True,carrot
132.29655,23,15684.801708,True,carrot
130.266371,22,15697.002999,True,carrot
129.828694,23,15709.922676,True,carrot
128.433952,20,15721.728507,True,carrot
128.738065,26,15734.300942,True,carrot
130.976687,24,15746.146805,True,wheat
125.592259,29,15759.862082,True,wheat
131.184473,23,15772.311838,True,wheat
129.645404,25,15786.577751,True,potato
128.071008,24,15798.580222,True,potato
129.789315,24,15810.547634,True,potato
131.732958,30,15825.218778,True,wheat
124.847727,30,15837.535316,True,wheat
127.071507,50,15854.786847,True,wheat
134.658138,24,15867.103427,True,potato
112.232788,18,15880.097276,True,potato
129.52246,23,15894.866543,True,potato
127.244733,20,15907.779165,True,carrot
132.632839,26,15920.702724,True,carrot
128.648015,22,15932.783715,True,carrot
114.059178,25,15945.120049,True,potato
127.877372,22,15956.82277,True,potato
131.133557,22,15969.595821,True,potato
127.370958,24,15982.771347,True,wheat
146.55766,24,15995.297705,True,wheat
130.311422,31,16009.022109,True,wheat
148.950316,19,16019.877448,True,carrot
127.674733,18,16032.019122,True,carrot
130.46655,30,16045.920553,True,carrot
130.575049,22,16058.460661,True,carrot
134.471574,27,16072.554876,True,carrot
132.593501,23,16084.486635,True,carrot
128.96263,44,16100.352571,True,wheat
127.810604,22,16112.631268,True,wheat
134.368138,25,16125.673428,True,wheat
132.632726,23,16139.45471,True,potato
129.919111,22,16153.602889,True,potato
112.978694,18,16166.671524,True,potato
130.799958,28,16179.727459,True,potato
114.925454,28,16192.997468,True,potato
132.977647,26,16207.2669,True,potato
2.645049,19,16221.054433,False,carrot
131.544229,32,16234.519337,True,carrot
128.540958,21,16246.671787,True,carrot
131.854788,30,16261.171187,True,wheat
130.402958,32,16278.036939,True,wheat
126.140958,26,16291.529568,True,wheat
128.884089,21,16304.007409,True,wheat
130.936218,24,16321.748395,True,wheat
130.738426,26,16338.533913,True,wheat
128.276896,24,16352.682085,True,potato
152.965902,33,16368.261527,True,potato
132.132958,25,16381.977269,True,potato
129.520177,20,16395.070497,True,carrot
131.03554,20,16409.574484,True,carrot
129.98588,17,16422.589967,True,carrot
130.951145,23,16434.594118,True,wheat
126.4925,21,16447.234373,True,wheat
114.002597,32,16462.593096,True,wheat
133.056211,27,16477.355912,True,potato
150.434709,21,16490.816363,True,potato
133.940015,26,16505.598608,True,potato
111.533952,20,16519.666184,True,carrot
129.799315,20,16535.423709,True,carrot
131.136007,30,16555.674019,True,carrot
151.085049,18,16568.345909,True,carrot
133.817042,22,16581.611985,True,carrot
133.177647,26,16595.045721,True,carrot
133.747879,28,16609.345308,True,potato
129.448823,18,16621.831963,True,potato
132.997042,25,16636.601116,True,potato
148.948823,28,16658.29516,True,wheat
135.963679,33,16676.824977,True,wheat
131.141507,27,16693.219717,True,wheat
129.549315,20,16708.629458,True,carrot
115.512798,30,16726.863867,True,carrot
127.209178,25,16742.415328,True,carrot
129.041862,28,16758.878544,True,wheat
130.082105,23,16772.227616,True,wheat
130.218839,24,16787.738487,True,wheat
132.141766,31,16804.230184,True,potato
128.252598,22,16819.010181,True,potato
131.713557,20,16834.113095,True,potato
128.656353,25,16849.330121,True,carrot
130.97246,23,16865.392101,True,carrot
133.835049,18,16879.477124,True,carrot
128.538203,22,16892.637622,True,potato
130.596183,29,16909.068216,True,potato
133.817042,22,16923.470688,True,potato
128.982999,22,16938.271139,True,wheat
16.528225,19,16952.431447,False,wheat
131.70655,24,16968.274273,True,wheat
129.912105,21,16985.050304,True,wheat
151.317032,19,16999.571553,True,wheat
131.431274,29,17014.681829,True,wheat
112.594783,20,17029.199572,True,carrot
130.679782,23,17046.36193,True,carrot
131.673557,21,17064.725356,True,carrot
129.293331,21,17081.890306,True,potato
131.733169,24,17098.847368,True,potato
130.505404,21,17112.546565,True,potato
133.213267,28,17134.576503,True,potato
129.144783,20,17151.50309,True,potato
130.542648,21,17168.069318,True,potato
147.188823,22,17185.399501,True,wheat
115.602338,17,17200.983794,True,wheat
130.46588,25,17219.482531,True,wheat
129.706033,19,17236.750417,True,carrot
131.921867,30,17254.483282,True,carrot
133.171105,23,17272.074722,True,carrot
130.6765,21,17291.609166,True,wheat
131.617823,21,17311.517383,True,wheat
4.508822,24,17330.883352,False,wheat
129.79588,18,17349.329366,True,carrot
131.749494,23,17370.984015,True,carrot
132.474048,22,17388.928618,True,carrot
133.817042,22,17406.083002,True,potato
131.186992,24,17425.574354,True,potato
133.035176,26,17446.220682,True,potato
129.808225,22,17465.573688,True,wheat
129.510886,24,17484.13476,True,wheat
133.874765,29,17505.066541,True,wheat
5.257647,27,17523.662035,False,potato
127.197727,20,17544.934153,True,potato
130.27251,28,17568.871327,True,potato
131.536992,24,17587.490092,True,carrot
134.592534,26,17608.702087,True,carrot
133.79612,29,17629.079573,True,carrot
131.539315,19,17645.870331,True,wheat
133.500015,22,17663.252853,True,wheat
129.65588,19,17683.334977,True,wheat
129.141008,21,17704.503202,True,carrot
130.5365,22,17727.092268,True,carrot
133.683008,25,17752.596995,True,carrot
131.576992,23,17773.480922,True,potato
130.25246,21,17793.533984,True,potato
133.247042,25,17819.018814,True,potato
134.010015,28,17846.99283,True,wheat
132.131507,21,17884.151073,True,wheat
129.542338,26,17911.448151,True,wheat
131.309494,24,17937.383002,True,carrot
131.3565,19,17966.419247,True,carrot
131.789494,22,17992.849481,True,carrot
128.112105,21,18017.629873,True,potato
130.868397,22,18042.54241,True,potato
132.699986,25,18065.70924,True,potato
132.338822,22,18087.721496,True,carrot
128.723952,19,18109.275279,True,carrot
132.383217,25,18143.129425,True,carrot
131.609306,28,18171.41303,True,wheat
19.735049,18,18194.468263,False,wheat
123.517647,23,18220.942563,True,wheat
132.921105,23,18250.180569,True,potato
132.371507,20,18276.667198,True,potato
133.500015,22,18309.76947,True,potato
4.541105,25,18343.147621,False,wheat
130.880767,22,18366.938097,True,wheat
134.562058,30,18402.487362,True,wheat
130.217952,29,18430.296057,True,carrot
133.709895,24,18454.172195,True,carrot
132.30655,24,18480.556103,True,carrot
133.967042,22,18511.712564,True,potato
117.006992,21,18554.133849,True,potato
133.677042,23,18584.244748,True,potato
132.903008,27,18621.265764,True,wheat
128.99246,25,18655.300355,True,wheat
129.997823,24,18690.309723,True,wheat
134.613008,23,18717.239236,True,carrot
131.949653,22,18740.819249,True,carrot
133.271437,26,18771.909854,True,carrot
130.40554,22,18809.57381,True,potato
