#{"t_start": 1781100550.140838, "env_id": "None"}
r,l,t,task_success,target
64.061167,200,36.246718,False,carrot
122.384351,38,46.476266,True,carrot
70.296322,200,69.795644,False,carrot
114.106371,16,76.712003,True,potato
121.683606,35,88.306031,True,potato
117.138822,17,95.98653,True,potato
105.353978,22,106.391628,True,wheat
47.594231,200,129.764633,False,wheat
126.113636,106,143.280415,True,wheat
114.533428,19,151.006224,True,potato
113.247863,21,160.506764,True,potato
113.382936,22,167.204424,True,potato
60.892865,200,191.501577,False,wheat
105.897917,20,198.106628,True,wheat
105.470555,24,206.181451,True,wheat
63.739595,200,231.999069,False,carrot
15.312597,20,238.281342,False,carrot
13.201346,40,248.823852,False,carrot
113.662439,18,255.557101,True,carrot
115.490036,32,263.850957,True,carrot
5.392597,16,269.200894,False,carrot
115.620613,22,276.835842,True,potato
116.271507,19,282.88316,True,potato
120.841399,61,295.638656,True,potato
105.693557,18,301.646958,True,wheat
47.490641,200,326.29751,False,wheat
106.229801,22,334.10408,True,wheat
45.372484,200,354.406168,False,wheat
62.60703,200,375.192147,False,wheat
105.592597,16,380.859351,True,wheat
115.410613,22,387.323238,True,potato
115.384177,27,394.557833,True,potato
113.058434,24,401.516197,True,potato
6.163557,20,407.152012,False,carrot
18.719563,39,415.478915,False,carrot
7.652842,40,422.969158,False,carrot
61.875948,200,447.994847,False,carrot
62.464826,200,469.181574,False,carrot
17.481775,31,477.647769,False,carrot
116.494709,22,485.754916,True,potato
116.461105,22,497.981289,True,potato
118.37733,20,508.978154,True,potato
106.096659,22,517.370599,True,wheat
106.568444,24,525.188698,True,wheat
109.500642,37,543.504475,True,wheat
110.694428,19,552.110535,True,potato
115.328822,21,558.350784,True,potato
117.9255,22,564.810959,True,potato
105.624436,20,572.230791,True,wheat
105.748071,16,580.786902,True,wheat
106.225766,31,590.267121,True,wheat
29.832981,80,601.223327,False,carrot
33.813452,80,612.488025,False,carrot
146.504865,109,625.676398,True,carrot
24.468041,56,635.86159,False,carrot
80.774793,200,657.612142,False,carrot
112.45588,19,664.265095,True,carrot
22.269698,62,677.984703,False,wheat
113.556476,60,687.950171,True,wheat
56.74046,200,709.781424,False,wheat
16.114227,27,716.32861,False,potato
114.22241,18,722.418383,True,potato
116.11833,20,728.296448,True,potato
33.562906,84,740.380285,False,potato
118.370015,19,747.114288,True,potato
120.260475,37,754.954935,True,potato
116.607124,27,761.237597,True,carrot
117.527171,31,772.176741,True,carrot
116.801507,23,779.928463,True,carrot
107.305878,19,785.759912,True,wheat
2.621767,19,792.773628,False,wheat
9.310015,23,798.622088,False,wheat
115.90554,17,804.013337,True,potato
19.435759,41,812.838849,False,potato
8.016211,25,819.534025,False,potato
107.57896,27,825.815714,True,wheat
58.268518,200,844.764325,False,wheat
11.061868,43,851.388508,False,wheat
41.658865,91,862.509629,False,carrot
119.665195,22,869.48526,True,carrot
115.048786,24,877.032449,True,carrot
117.435619,23,882.830797,True,potato
24.107965,46,891.374058,False,potato
118.343849,29,897.161752,True,potato
44.829136,200,917.41938,False,wheat
103.268823,15,923.301117,True,wheat
9.766219,29,931.088652,False,wheat
4.366371,17,938.864603,False,carrot
130.988057,59,949.826702,True,carrot
8.890064,21,955.877248,False,carrot
110.703856,34,962.949595,True,wheat
106.672597,14,970.197688,True,wheat
103.852338,19,978.661346,True,wheat
124.661621,39,985.391399,True,carrot
9.154628,30,992.146718,False,carrot
3.673172,17,999.689302,False,carrot
115.11833,18,1006.197061,True,potato
117.111105,23,1013.867391,True,potato
116.328484,19,1019.389467,True,potato
5.419315,17,1025.188628,False,carrot
23.820737,41,1032.228871,False,carrot
2.346188,23,1037.709601,False,carrot
118.093758,32,1044.453051,True,potato
116.248563,18,1049.432701,True,potato
118.256487,34,1056.297259,True,potato
111.0567,32,1064.69235,True,wheat
110.377678,47,1072.053226,True,wheat
121.456788,68,1082.151289,True,wheat
114.32554,23,1088.827279,True,potato
116.285008,21,1097.058264,True,potato
37.343754,110,1110.292929,False,potato
6.5865,30,1117.106259,False,carrot
15.265888,26,1123.437439,False,carrot
115.005049,17,1128.415812,True,carrot
104.849315,17,1133.144839,True,wheat
116.017048,65,1142.349264,True,wheat
55.223404,200,1160.549115,False,wheat
7.149188,27,1167.331299,False,wheat
106.316211,28,1173.716035,True,wheat
49.130804,200,1193.175051,False,wheat
126.254103,45,1201.319194,True,carrot
127.627046,52,1209.107547,True,carrot
116.263557,21,1216.159132,True,carrot
114.045049,19,1221.9577,True,potato
116.921105,23,1229.806295,True,potato
117.522752,31,1236.000502,True,potato
118.656775,38,1246.658929,True,potato
118.57959,25,1253.664881,True,potato
115.715512,34,1260.135267,True,potato
57.986583,200,1279.654103,False,wheat
135.82926,155,1295.175693,True,wheat
62.405595,200,1318.190005,False,wheat
15.872522,29,1324.862638,False,carrot
126.917385,48,1332.608108,True,carrot
117.141105,20,1339.75892,True,carrot
111.539692,46,1347.685319,True,wheat
104.708289,27,1354.893069,True,wheat
57.512891,200,1381.222701,False,wheat
67.354953,200,1405.331023,False,potato
26.487034,40,1413.381177,False,potato
43.66011,114,1432.621552,False,potato
113.810228,16,1440.397465,True,carrot
59.606716,200,1460.375546,False,carrot
113.437873,16,1467.44419,True,carrot
116.512597,18,1473.984321,True,carrot
133.929224,60,1483.480044,True,carrot
20.375342,31,1489.730182,False,carrot
120.825163,37,1498.613159,True,potato
114.949653,27,1504.322028,True,potato
115.080613,22,1510.030444,True,potato
104.551131,35,1517.214011,True,wheat
115.811352,68,1526.433539,True,wheat
111.237161,48,1534.072846,True,wheat
75.096414,200,1553.015355,False,potato
115.21554,20,1558.290402,True,potato
113.037727,21,1563.909872,True,potato
65.673351,200,1581.704751,False,carrot
14.366896,18,1587.038424,False,carrot
63.788684,200,1605.97972,False,carrot
110.399952,57,1613.584722,True,wheat
56.638402,200,1632.521427,False,wheat
116.130731,44,1639.482967,True,wheat
20.792477,44,1648.497501,False,carrot
23.733996,60,1657.642348,False,carrot
123.028738,43,1665.168275,True,carrot
104.087297,22,1671.346176,True,wheat
109.681969,41,1679.228306,True,wheat
58.097215,200,1698.244758,False,wheat
114.987823,25,1703.864623,True,potato
117.796955,24,1710.349604,True,potato
16.108397,23,1717.244842,False,potato
50.490254,200,1735.548251,False,wheat
60.321454,200,1755.532078,False,wheat
109.853015,49,1764.464203,True,wheat
112.007727,16,1770.222508,True,potato
132.176992,18,1775.74713,True,potato
113.022105,25,1781.567949,True,potato
121.363679,28,1788.981066,True,carrot
18.439538,35,1796.342293,False,carrot
22.764016,43,1804.232751,False,carrot
129.083286,129,1821.925262,True,wheat
109.505699,62,1831.090831,True,wheat
107.218406,27,1838.291944,True,wheat
5.630177,21,1847.046123,False,carrot
14.3265,26,1853.33184,False,carrot
127.884624,42,1865.324837,True,carrot
123.321633,49,1874.196965,True,potato
120.248087,47,1882.231149,True,potato
114.672105,17,1889.945811,True,potato
117.94624,23,1896.7815,True,potato
119.918471,28,1903.933738,True,potato
115.274048,23,1911.669794,True,potato
117.26113,33,1919.311628,True,carrot
122.133028,42,1931.305242,True,carrot
116.859335,22,1937.077376,True,carrot
114.391916,53,1946.611352,True,wheat
105.622597,19,1952.227128,True,wheat
10.776035,44,1961.41806,False,wheat
4.422597,19,1966.828286,False,wheat
107.426074,22,1974.642997,True,wheat
53.75203,200,1997.153303,False,wheat
115.816992,22,2002.832822,True,potato
115.887732,23,2009.229104,True,potato
117.677071,25,2016.878643,True,potato
140.062181,83,2029.422112,True,carrot
118.177171,26,2037.905139,True,carrot
16.351568,58,2046.483335,False,carrot
50.272506,126,2060.463235,False,carrot
36.17161,83,2069.931657,False,carrot
113.419315,17,2075.609629,True,carrot
111.95587,55,2084.037079,True,wheat
108.340334,34,2090.454129,True,wheat
104.218664,30,2097.568531,True,wheat
114.190613,28,2104.259473,True,potato
113.745049,19,2109.400256,True,potato
121.543023,50,2116.799301,True,potato
116.153688,102,2128.717114,True,wheat
112.081903,37,2135.526676,True,wheat
8.565952,23,2141.874555,False,wheat
115.37833,19,2147.155112,True,potato
116.48655,22,2153.094037,True,potato
115.567991,26,2162.130146,True,potato
15.019444,20,2169.211057,False,carrot
27.043613,86,2180.216426,False,carrot
30.751673,92,2191.134407,False,carrot
117.864515,27,2198.210994,True,potato
115.55554,17,2203.70581,True,potato
112.595383,21,2209.969638,True,potato
6.866956,24,2216.743727,False,wheat
45.102023,200,2236.024084,False,wheat
114.927861,92,2247.049171,True,wheat
22.836732,50,2254.393487,False,carrot
128.412942,63,2262.836105,True,carrot
17.757474,34,2270.981071,False,carrot
20.767295,43,2278.172899,False,carrot
37.188562,72,2287.559029,False,carrot
118.462087,35,2293.981986,True,carrot
123.147227,93,2304.211095,True,wheat
106.708912,31,2311.016224,True,wheat
120.337757,96,2325.257124,True,wheat
116.206992,23,2332.478636,True,potato
119.703345,30,2339.305268,True,potato
115.80655,24,2345.215802,True,potato
122.698423,39,2352.252459,True,carrot
141.404949,84,2363.893574,True,carrot
142.731432,92,2375.841363,True,carrot
45.847634,200,2395.074862,False,wheat
105.458097,36,2405.077324,True,wheat
105.314001,20,2411.087482,True,wheat
116.301766,18,2416.813526,True,potato
111.636777,18,2423.119649,True,potato
116.988138,27,2431.819243,True,potato
36.010352,94,2444.400056,False,carrot
59.944676,200,2467.010253,False,carrot
117.640015,21,2474.040475,True,carrot
5.850617,21,2480.907997,False,wheat
107.659713,19,2488.290841,True,wheat
103.037633,22,2494.484316,True,wheat
118.067613,24,2500.945999,True,potato
144.243254,164,2516.861905,True,potato
116.924227,31,2523.25498,True,potato
14.422726,27,2529.927257,False,carrot
61.474238,200,2549.281893,False,carrot
119.329233,28,2556.792513,True,carrot
120.480685,27,2562.962474,True,potato
113.95351,22,2568.40622,True,potato
114.665049,18,2573.606116,True,potato
104.945543,23,2579.151297,True,wheat
101.73583,17,2584.346903,True,wheat
108.026183,36,2591.119795,True,wheat
140.403038,78,2601.560236,True,carrot
40.34506,94,2612.343427,False,carrot
126.574201,48,2619.635272,True,carrot
117.507459,26,2626.035973,True,potato
114.387992,18,2631.327774,True,potato
116.2465,20,2636.645125,True,potato
102.223632,47,2644.275276,True,wheat
22.953609,68,2655.643672,False,wheat
115.798704,43,2662.392954,True,wheat
125.637194,50,2669.977164,True,carrot
24.122722,52,2678.834524,False,carrot
21.47697,45,2686.472223,False,carrot
105.16737,21,2692.967783,True,wheat
6.590397,47,2701.181887,False,wheat
108.347388,52,2709.399362,True,wheat
118.35733,22,2714.900475,True,potato
114.473912,24,2720.174979,True,potato
114.37833,24,2725.918778,True,potato
116.050728,28,2731.838151,True,carrot
15.858663,25,2737.878615,False,carrot
115.61554,20,2744.168624,True,carrot
117.953791,40,2750.936046,True,potato
113.543952,16,2756.871579,True,potato
130.745157,89,2768.693242,True,potato
106.945766,28,2775.241635,True,wheat
14.15428,40,2782.541419,False,wheat
105.709754,23,2788.174818,True,wheat
17.163598,28,2795.434313,False,carrot
117.817042,22,2801.281898,True,carrot
124.337335,50,2812.54442,True,carrot
107.18987,28,2819.838938,True,wheat
113.49479,60,2829.998168,True,wheat
107.263606,20,2838.719467,True,wheat
117.07655,21,2845.56886,True,potato
117.07655,21,2851.041202,True,potato
113.503952,17,2856.335887,True,potato
108.360105,29,2864.38186,True,wheat
103.954011,25,2871.237402,True,wheat
55.614904,200,2891.102273,False,wheat
120.434105,23,2896.871284,True,carrot
136.007016,76,2906.229687,True,carrot
20.125349,46,2913.481821,False,carrot
114.405049,19,2920.109863,True,potato
117.284098,24,2926.19091,True,potato
119.624277,31,2933.045239,True,potato
11.951561,40,2940.062304,False,carrot
115.208664,19,2945.711816,True,carrot
63.921354,200,2964.081357,False,carrot
102.291224,20,2969.746293,True,wheat
7.301507,20,2976.024305,False,wheat
51.926032,200,2995.203818,False,wheat
114.535281,20,3000.99456,True,potato
116.511766,19,3009.513447,True,potato
114.335049,18,3015.854338,True,potato
10.844769,30,3022.061836,False,carrot
14.680195,20,3028.653136,False,carrot
122.891356,36,3035.339979,True,carrot
114.172105,17,3040.615772,True,potato
114.78429,22,3047.58917,True,potato
15.394928,22,3053.581492,False,potato
102.947863,18,3058.824411,True,wheat
110.468209,42,3066.136387,True,wheat
107.96743,25,3072.1278,True,wheat
115.193428,20,3079.024676,True,potato
115.07554,21,3085.466947,True,potato
114.047619,24,3091.734801,True,potato
115.199714,18,3097.434236,True,carrot
16.72301,27,3103.593344,False,carrot
114.953865,20,3108.888923,True,carrot
103.897297,17,3114.222089,True,wheat
107.311766,19,3120.28923,True,wheat
109.408083,48,3129.874156,True,wheat
57.399768,200,3147.588757,False,potato
116.490274,26,3153.645788,True,potato
117.364788,21,3159.841429,True,potato
110.768681,44,3166.740815,True,wheat
103.359228,29,3175.093608,True,wheat
106.579727,23,3180.944888,True,wheat
120.907474,29,3187.731155,True,carrot
6.20554,17,3194.4028,False,carrot
8.507171,24,3200.583248,False,carrot
11.308317,27,3206.586243,False,carrot
78.754902,200,3228.381768,False,carrot
124.172728,43,3236.286263,True,carrot
114.795049,21,3246.488749,True,potato
115.932443,24,3258.386033,True,potato
114.622105,17,3264.970423,True,potato
107.799986,20,3272.071986,True,wheat
11.269819,32,3280.656873,False,wheat
108.76624,25,3286.941381,True,wheat
115.047992,19,3297.10391,True,potato
114.625878,26,3304.032788,True,potato
115.802597,17,3312.356088,True,potato
18.271862,29,3318.969881,False,carrot
114.469315,17,3325.030371,True,carrot
114.762105,16,3332.990203,True,carrot
113.864593,50,3340.876179,True,wheat
105.038905,36,3348.241502,True,wheat
8.804481,29,3354.478581,False,wheat
105.753225,31,3362.840631,True,wheat
111.060735,28,3369.550913,True,wheat
104.481145,16,3378.702994,True,wheat
124.391787,45,3387.736053,True,carrot
117.63409,28,3394.19475,True,carrot
116.192597,16,3402.194584,True,carrot
117.951055,34,3408.87363,True,potato
114.819516,20,3416.506474,True,potato
115.528703,19,3423.135155,True,potato
115.102658,18,3428.727807,True,potato
113.762105,21,3438.421455,True,potato
114.734218,24,3444.860051,True,potato
107.684206,23,3450.677764,True,wheat
104.46482,20,3456.132454,True,wheat
5.693547,24,3462.086744,False,wheat
12.815049,21,3468.518155,False,carrot
15.595904,20,3475.351698,False,carrot
131.076628,61,3486.217204,True,carrot
117.386888,26,3493.033346,True,potato
119.053008,24,3498.705191,True,potato
116.155281,19,3504.10092,True,potato
102.418823,20,3509.715543,True,wheat
102.965049,16,3515.011528,True,wheat
106.872258,24,3520.641625,True,wheat
140.986389,88,3530.9028,True,carrot
29.227333,103,3543.648317,False,carrot
114.336371,19,3549.629579,True,carrot
113.623121,20,3555.680556,True,potato
112.639444,27,3561.930812,True,potato
117.037042,24,3568.972507,True,potato
117.367647,27,3574.626139,True,carrot
121.738859,32,3580.917062,True,carrot
64.341029,200,3599.529888,False,carrot
104.002314,22,3604.784861,True,wheat
106.451507,18,3611.090448,True,wheat
109.491739,35,3617.802566,True,wheat
114.193912,26,3623.728952,True,potato
113.39246,22,3630.675438,True,potato
117.370452,32,3638.51689,True,potato
4.259315,16,3644.835327,False,wheat
105.211983,25,3651.93133,True,wheat
42.008935,200,3671.18898,False,wheat
66.086006,200,3691.272876,False,carrot
119.571261,30,3698.622903,True,carrot
118.450015,22,3705.185188,True,carrot
18.960214,29,3713.003246,False,carrot
60.769756,200,3732.181107,False,carrot
121.87696,33,3738.423308,True,carrot
115.502338,19,3744.10716,True,potato
116.755281,17,3750.021794,True,potato
115.22554,19,3756.632897,True,potato
108.301469,29,3764.149045,True,wheat
106.620116,19,3770.777573,True,wheat
107.407042,21,3776.546997,True,wheat
115.299516,18,3784.504339,True,carrot
123.91606,42,3793.833518,True,carrot
19.377712,28,3800.315675,False,carrot
115.030613,22,3806.371799,True,potato
114.79593,23,3816.440471,True,potato
116.058822,19,3824.308546,True,potato
103.395383,16,3830.497892,True,wheat
107.097193,21,3837.87137,True,wheat
107.095288,29,3844.746127,True,wheat
17.217529,29,3854.158453,False,carrot
121.013405,34,3864.35818,True,carrot
122.937308,43,3873.468757,True,carrot
112.311839,22,3879.537268,True,potato
116.451428,21,3885.928772,True,potato
116.503557,24,3891.528211,True,potato
105.257991,27,3897.449757,True,wheat
109.984186,55,3905.651238,True,wheat
115.119347,60,3914.163791,True,wheat
115.249315,15,3919.200775,True,carrot
116.923606,23,3925.098108,True,carrot
113.557284,18,3930.353693,True,carrot
117.899544,23,3936.791486,True,potato
114.905404,18,3943.462599,True,potato
114.77246,22,3949.59106,True,potato
103.855219,20,3956.150021,True,wheat
106.072597,18,3962.461547,True,wheat
104.831595,27,3968.755472,True,wheat
19.223227,33,3975.150969,False,carrot
16.452218,23,3981.489007,False,carrot
120.307049,24,3987.319836,True,carrot
118.184048,19,3992.631552,True,potato
113.766371,19,3998.334702,True,potato
115.566816,29,4004.78283,True,potato
105.536992,19,4010.286076,True,wheat
104.176371,18,4015.565165,True,wheat
59.786841,200,4033.554471,False,wheat
57.919166,200,4054.671831,False,carrot
123.888611,47,4062.473729,True,carrot
116.186686,17,4067.945131,True,carrot
106.149494,18,4073.070216,True,wheat
102.143721,18,4078.100111,True,wheat
102.275383,16,4084.178129,True,wheat
115.82246,20,4089.582849,True,potato
117.124703,24,4096.499904,True,potato
118.545195,25,4103.144507,True,potato
116.851105,21,4108.848765,True,potato
116.442775,29,4115.518456,True,potato
114.769516,22,4122.909528,True,potato
105.85655,19,4128.704822,True,wheat
107.130274,22,4134.495121,True,wheat
102.266334,21,4141.188375,True,wheat
117.178951,24,4147.592115,True,carrot
119.173801,33,4154.214132,True,carrot
140.984636,85,4165.068777,True,carrot
107.049986,25,4171.237984,True,wheat
103.278799,22,4177.968868,True,wheat
101.325433,22,4183.932396,True,wheat
14.896074,30,4190.889155,False,carrot
115.462597,18,4197.554111,True,carrot
118.389543,24,4204.0688,True,carrot
112.213952,25,4211.021348,True,potato
5.102597,17,4218.626658,False,potato
116.683008,25,4225.257725,True,potato
115.863606,25,4233.222792,True,potato
114.522936,16,4238.696178,True,potato
118.310606,28,4247.676696,True,potato
105.759161,16,4256.78405,True,wheat
101.91225,33,4264.404723,True,wheat
101.486321,24,4270.484036,True,wheat
116.493606,23,4278.511112,True,carrot
117.820591,23,4284.70312,True,carrot
114.915049,16,4292.599935,True,carrot
115.905952,33,4300.890921,True,potato
114.25655,29,4309.789674,True,potato
113.90833,22,4316.598538,True,potato
103.944952,20,4322.551024,True,wheat
104.95072,17,4330.27439,True,wheat
106.700562,29,4338.817352,True,wheat
121.845108,34,4345.780683,True,carrot
119.26142,31,4356.13751,True,carrot
22.852452,35,4365.328774,False,carrot
116.481507,21,4371.878584,True,potato
115.027813,21,4379.446923,True,potato
116.701507,18,4385.410889,True,potato
104.956053,29,4392.850612,True,wheat
9.152261,28,4402.063346,False,wheat
100.486138,16,4408.551639,True,wheat
117.441105,20,4414.544844,True,carrot
121.567988,37,4422.025883,True,carrot
17.247071,24,4427.709068,False,carrot
113.213219,23,4434.25835,True,potato
117.119295,39,4441.138661,True,potato
119.384439,43,4449.21918,True,potato
114.446371,20,4455.884704,True,carrot
116.38655,24,4462.095716,True,carrot
12.346371,20,4467.366336,False,carrot
107.683224,41,4475.346704,True,wheat
106.107917,31,4481.695073,True,wheat
104.97554,19,4487.408827,True,wheat
104.624353,18,4494.004555,True,wheat
116.105624,45,4501.325094,True,wheat
-17.435555,200,4529.066847,False,wheat
113.603557,24,4537.775977,True,potato
117.272775,22,4544.927646,True,potato
117.828138,26,4552.39849,True,potato
27.941,70,4562.597674,False,carrot
124.443699,48,4570.939934,True,carrot
123.756868,42,4579.130991,True,carrot
111.602459,61,4589.072164,True,wheat
104.852105,19,4594.951167,True,wheat
103.208823,14,4600.162976,True,wheat
61.920226,200,4619.025875,False,potato
115.172597,19,4625.386437,True,potato
120.378809,31,4632.32693,True,potato
126.281059,48,4639.773198,True,carrot
120.916526,32,4647.213532,True,carrot
117.377625,42,4654.380282,True,carrot
113.063952,18,4659.734272,True,carrot
114.18072,17,4664.83869,True,carrot
17.100443,22,4671.190912,False,carrot
116.707991,25,4677.100249,True,potato
116.094098,27,4684.282212,True,potato
115.602597,22,4691.760345,True,potato
112.207978,35,4698.090299,True,wheat
108.109675,32,4704.717647,True,wheat
109.631389,44,4713.616838,True,wheat
119.470955,32,4720.167696,True,potato
114.119315,17,4726.612556,True,potato
113.799315,20,4733.137551,True,potato
116.23691,20,4739.567814,True,carrot
62.871848,200,4769.863166,False,carrot
22.522936,33,4777.168258,False,carrot
109.170365,53,4788.433843,True,wheat
111.48984,35,4798.142252,True,wheat
105.51554,18,4804.791328,True,wheat
49.334454,200,4826.302394,False,wheat
102.031036,20,4834.6639,True,wheat
107.719714,51,4843.617262,True,wheat
113.113038,20,4851.275449,True,carrot
116.199986,25,4858.477013,True,carrot
127.118869,64,4868.810963,True,carrot
14.275281,19,4876.189491,False,potato
113.341145,22,4881.950697,True,potato
115.82655,27,4890.582719,True,potato
104.271778,29,4897.332959,True,wheat
109.740973,28,4904.869828,True,wheat
108.44644,48,4914.285886,True,wheat
117.574098,23,4922.502384,True,potato
119.399233,28,4930.154082,True,potato
117.468444,23,4938.100097,True,potato
118.200793,36,4946.41902,True,carrot
120.52822,33,4955.545892,True,carrot
114.021767,20,4962.078265,True,carrot
104.691155,18,4967.815206,True,wheat
100.436832,20,4974.876853,True,wheat
42.771196,200,4995.40576,False,wheat
114.478797,20,5004.840285,True,carrot
119.620656,27,5014.795694,True,carrot
115.713428,17,5023.483761,True,carrot
113.022597,24,5030.73589,True,potato
117.107732,20,5037.79335,True,potato
111.577992,22,5044.420939,True,potato
112.572547,23,5051.241575,True,potato
114.830613,22,5057.638864,True,potato
113.765404,24,5064.34127,True,potato
3.731435,18,5070.871651,False,wheat
102.832055,18,5076.283785,True,wheat
107.610673,30,5083.86667,True,wheat
119.745051,33,5090.850865,True,carrot
132.768025,62,5101.563169,True,carrot
129.335157,58,5111.26398,True,carrot
123.531199,43,5118.310081,True,carrot
114.762105,16,5123.812071,True,carrot
115.511409,19,5129.497775,True,carrot
114.975454,25,5136.146143,True,potato
115.775797,35,5142.726553,True,potato
113.025049,22,5148.434159,True,potato
110.620461,37,5155.202529,True,wheat
5.07554,19,5160.612128,False,wheat
105.192936,18,5166.623738,True,wheat
105.341241,28,5173.009258,True,wheat
106.708563,18,5179.065582,True,wheat
100.981789,19,5186.625175,True,wheat
113.466371,22,5193.456046,True,carrot
120.45737,36,5201.194928,True,carrot
22.019834,38,5211.18982,False,carrot
19.48676,34,5218.052777,False,potato
122.676089,40,5225.909526,True,potato
122.747749,41,5233.036456,True,potato
120.958809,33,5240.008195,True,carrot
118.157221,29,5246.573887,True,carrot
119.210656,26,5252.878472,True,carrot
121.631932,36,5259.666478,True,potato
118.267071,19,5266.156652,True,potato
118.064098,22,5272.955276,True,potato
111.332281,55,5281.859545,True,wheat
105.277073,19,5288.707592,True,wheat
105.852726,20,5294.477422,True,wheat
107.525188,27,5302.891126,True,wheat
103.414444,20,5310.032957,True,wheat
112.632258,47,5318.396286,True,wheat
113.970241,17,5324.468402,True,carrot
120.660163,36,5343.934869,True,carrot
117.800274,22,5350.719555,True,carrot
113.388823,17,5356.990865,True,potato
116.441507,21,5363.80404,True,potato
118.827239,27,5372.552108,True,potato
104.752105,17,5379.083827,True,wheat
106.72655,21,5387.799533,True,wheat
107.169335,25,5395.761956,True,wheat
116.463217,23,5401.580575,True,potato
60.875168,200,5422.774904,False,potato
118.007042,21,5432.621129,True,potato
58.844188,200,5453.291272,False,carrot
15.402597,17,5459.877026,False,carrot
117.662929,21,5466.115192,True,carrot
146.701728,101,5477.216992,True,carrot
20.707859,37,5484.877118,False,carrot
120.038317,30,5492.841309,True,carrot
118.33434,30,5499.211514,True,potato
112.657863,19,5504.666673,True,potato
59.565044,200,5524.883536,False,potato
105.099315,17,5530.670921,True,wheat
102.696371,22,5537.389132,True,wheat
107.611234,25,5543.3026,True,wheat
114.728188,41,5551.308365,True,potato
119.269974,27,5557.584653,True,potato
114.898823,18,5563.107696,True,potato
4.209055,19,5568.757026,False,wheat
59.74002,200,5588.285461,False,wheat
107.804166,37,5595.170474,True,wheat
14.589315,21,5601.613512,False,carrot
120.758809,29,5612.145286,True,carrot
127.088986,56,5621.069922,True,carrot
116.790591,25,5626.688805,True,carrot
116.399986,25,5632.822988,True,carrot
118.211082,24,5639.4816,True,carrot
117.727509,35,5646.592097,True,potato
116.101766,23,5654.554023,True,potato
118.196549,33,5661.309805,True,potato
103.993952,21,5666.836291,True,wheat
105.739161,18,5673.108652,True,wheat
105.595049,19,5679.424406,True,wheat
19.06461,33,5685.996364,False,carrot
13.558787,20,5692.583808,False,carrot
122.395439,40,5699.655143,True,carrot
106.910809,39,5706.564034,True,wheat
107.915986,28,5713.03105,True,wheat
104.399228,19,5718.979528,True,wheat
117.100227,20,5726.021406,True,potato
115.49833,21,5731.903412,True,potato
118.87142,27,5739.330043,True,potato
106.182597,17,5746.745413,True,wheat
104.53009,27,5753.889928,True,wheat
102.239131,16,5759.701305,True,wheat
114.547823,24,5766.781115,True,potato
114.082105,18,5773.570495,True,potato
119.187662,29,5782.033886,True,potato
122.045439,35,5789.498261,True,carrot
117.443888,31,5796.469988,True,carrot
116.655454,21,5803.947553,True,carrot
114.79833,25,5810.823525,True,potato
109.741169,20,5818.128003,True,potato
116.879986,23,5825.174407,True,potato
107.459453,27,5834.350747,True,wheat
104.812936,15,5841.938198,True,wheat
113.621199,44,5851.506054,True,wheat
115.382046,22,5858.420971,True,carrot
139.140964,89,5871.857842,True,carrot
119.023346,31,5878.970477,True,carrot
105.654427,25,5886.688452,True,wheat
106.697647,21,5895.059419,True,wheat
53.589871,200,5919.917176,False,wheat
117.041105,20,5926.826073,True,potato
118.594669,25,5934.336925,True,potato
116.05655,24,5941.296235,True,potato
61.658911,200,5964.274135,False,carrot
65.671562,200,5984.734283,False,carrot
9.96718,33,5991.052282,False,carrot
43.412703,200,6012.537243,False,wheat
105.268685,19,6018.843871,True,wheat
101.899308,21,6025.054878,True,wheat
114.712105,16,6030.631264,True,carrot
113.755049,20,6037.327433,True,carrot
115.51554,18,6043.495943,True,carrot
115.919534,17,6048.777391,True,potato
117.355123,31,6055.953179,True,potato
113.617234,20,6062.262916,True,potato
114.862259,21,6068.177912,True,carrot
15.740816,23,6074.169513,False,carrot
61.545665,200,6094.986598,False,carrot
117.266124,31,6102.404937,True,potato
113.581008,20,6108.401824,True,potato
118.290995,26,6114.445034,True,potato
106.392958,21,6120.237574,True,wheat
112.541712,36,6126.854573,True,wheat
104.481767,16,6132.193357,True,wheat
114.800613,24,6138.127384,True,potato
113.845049,19,6144.863828,True,potato
120.096868,40,6152.035853,True,potato
107.983267,25,6157.834378,True,wheat
104.809111,16,6163.820239,True,wheat
58.934935,200,6183.236316,False,wheat
117.850591,26,6190.442173,True,carrot
125.334345,45,6197.954495,True,carrot
113.644783,15,6203.180751,True,carrot
116.708822,19,6208.873298,True,carrot
123.251811,44,6216.041307,True,carrot
117.928138,26,6221.911952,True,carrot
113.862936,20,6228.580502,True,potato
121.16774,39,6237.112335,True,potato
117.297071,22,6243.092879,True,potato
99.968823,25,6251.249214,True,wheat
108.88055,27,6257.155579,True,wheat
42.516099,200,6275.563705,False,wheat
106.546791,18,6281.543015,True,wheat
48.236715,200,6300.582398,False,wheat
104.812438,24,6307.317043,True,wheat
117.967662,27,6313.581773,True,potato
114.285049,18,6318.999484,True,potato
115.568484,18,6324.70981,True,potato
78.509083,200,6344.216244,False,carrot
121.248809,30,6351.090337,True,carrot
115.306975,24,6357.977719,True,carrot
119.846173,32,6364.587172,True,carrot
61.325519,200,6385.331196,False,carrot
113.645071,26,6391.453466,True,carrot
105.79477,30,6398.078446,True,wheat
109.972525,35,6405.63377,True,wheat
104.715404,22,6411.471145,True,wheat
113.487992,18,6418.011184,True,potato
115.76251,24,6424.916266,True,potato
118.903008,28,6431.994288,True,potato
118.514227,25,6437.838629,True,potato
133.328569,90,6448.922463,True,potato
112.412936,25,6455.294228,True,potato
116.933606,25,6461.759232,True,carrot
115.313557,20,6469.194758,True,carrot
118.154703,22,6475.849117,True,carrot
7.900187,26,6482.848853,False,wheat
60.042933,200,6502.841233,False,wheat
102.429111,18,6515.21812,True,wheat
109.844498,32,6526.173379,True,wheat
105.98655,22,6533.463414,True,wheat
104.649315,15,6538.810713,True,wheat
113.712105,21,6545.552494,True,potato
117.914098,22,6552.857496,True,potato
110.897727,20,6558.524196,True,potato
118.052979,25,6564.705197,True,carrot
127.800907,49,6572.563728,True,carrot
119.294277,28,6579.956582,True,carrot
117.398002,22,6585.770238,True,potato
116.648563,18,6591.192879,True,potato
115.716992,24,6597.169598,True,potato
115.015049,16,6603.517747,True,carrot
116.253874,28,6610.535651,True,carrot
119.048267,31,6616.952477,True,carrot
103.825049,17,6622.188873,True,wheat
106.153701,28,6629.32794,True,wheat
104.962105,21,6635.656055,True,wheat
106.604669,26,6641.827015,True,wheat
7.097647,23,6648.667082,False,wheat
105.205316,22,6654.728281,True,wheat
114.640613,23,6662.804529,True,potato
119.550944,33,6670.477928,True,potato
118.790064,23,6677.862733,True,potato
26.753987,41,6685.83884,False,carrot
118.161082,24,6692.642299,True,carrot
119.487221,29,6699.683744,True,carrot
114.165121,21,6708.427398,True,potato
115.916218,19,6716.467685,True,potato
114.5665,20,6723.456605,True,potato
119.258543,25,6730.714895,True,carrot
114.409516,22,6737.70437,True,carrot
33.200675,97,6751.133871,False,carrot
64.848857,200,6770.440651,False,wheat
109.008759,29,6776.661149,True,wheat
56.730284,200,6797.015167,False,wheat
103.636371,19,6803.932112,True,wheat
105.369161,17,6809.731143,True,wheat
108.022952,31,6817.954511,True,wheat
115.039346,23,6823.924653,True,carrot
114.784218,24,6830.271743,True,carrot
116.17408,27,6838.160653,True,carrot
114.325049,19,6845.606461,True,potato
116.770274,26,6851.827027,True,potato
115.070613,21,6857.878906,True,potato
117.991387,23,6863.955082,True,potato
115.22251,23,6870.487067,True,potato
112.298823,23,6876.31975,True,potato
104.220896,26,6882.621975,True,wheat
105.400781,28,6889.893515,True,wheat
104.747942,28,6896.85246,True,wheat
116.546992,20,6903.334891,True,carrot
114.158823,19,6908.728212,True,carrot
10.956981,44,6917.026588,False,carrot
110.540604,25,6928.023938,True,potato
112.818823,20,6935.42253,True,potato
122.77186,46,6943.052986,True,potato
113.674787,57,6952.912248,True,wheat
108.695531,27,6959.826727,True,wheat
103.563172,16,6967.145481,True,wheat
115.565202,18,6973.580029,True,carrot
116.126992,24,6980.598312,True,carrot
118.727662,23,6987.423416,True,carrot
104.917992,21,6994.078071,True,wheat
64.011194,200,7012.434156,False,wheat
105.319315,17,7018.665272,True,wheat
115.129315,18,7024.249697,True,carrot
112.391008,21,7031.248418,True,carrot
14.762105,16,7037.433983,False,carrot
118.378317,34,7044.908578,True,potato
116.306007,22,7050.917322,True,potato
118.669621,38,7058.442869,True,potato
117.117042,22,7064.784771,True,carrot
117.222042,27,7072.190494,True,carrot
118.971283,26,7079.537889,True,carrot
116.414048,22,7086.368044,True,potato
113.181629,25,7093.04058,True,potato
116.137732,23,7099.011384,True,potato
107.158563,19,7104.685395,True,wheat
105.485454,19,7111.549658,True,wheat
104.938823,17,7117.687037,True,wheat
108.757042,26,7123.500783,True,wheat
106.362726,23,7129.827923,True,wheat
112.653542,34,7137.252718,True,wheat
116.393606,23,7143.596956,True,potato
115.22554,19,7149.960508,True,potato
18.262584,30,7156.5177,False,potato
119.781753,35,7164.0879,True,carrot
114.285049,18,7169.905466,True,carrot
114.526371,18,7177.129967,True,carrot
13.560325,23,7182.688411,False,carrot
117.894098,24,7190.087561,True,carrot
119.204364,30,7198.257446,True,carrot
114.374388,20,7205.05535,True,potato
113.418065,19,7211.247758,True,potato
113.091274,25,7219.107311,True,potato
107.445024,25,7225.077521,True,wheat
103.926371,18,7231.458368,True,wheat
102.002259,19,7238.154724,True,wheat
117.01655,22,7245.140881,True,carrot
117.469832,27,7252.418545,True,carrot
116.561766,21,7259.781405,True,carrot
116.543557,18,7266.850881,True,potato
116.85441,30,7273.835701,True,potato
114.511274,22,7280.400046,True,potato
107.558446,23,7289.044045,True,wheat
104.27246,18,7296.26135,True,wheat
104.171008,14,7302.55701,True,wheat
114.893428,22,7309.957186,True,carrot
121.262276,35,7317.63188,True,carrot
118.127042,22,7323.958504,True,carrot
106.895454,20,7330.363183,True,wheat
103.743952,16,7336.665279,True,wheat
104.85588,14,7342.031896,True,wheat
113.705049,20,7347.823873,True,potato
114.791274,20,7354.591608,True,potato
113.788065,21,7362.564894,True,potato
106.475008,20,7369.330742,True,wheat
104.83246,19,7374.899766,True,wheat
104.583557,22,7381.903374,True,wheat
121.91855,27,7388.824918,True,carrot
121.172402,37,7396.367789,True,carrot
118.209986,21,7402.952591,True,carrot
113.489444,22,7409.826348,True,potato
115.005049,17,7416.341452,True,potato
116.711725,27,7425.973751,True,potato
112.746523,21,7433.952227,True,potato
117.181387,27,7441.806955,True,potato
115.394532,31,7448.353082,True,potato
103.44588,20,7454.702831,True,wheat
103.883952,15,7460.33906,True,wheat
108.270064,24,7467.117755,True,wheat
118.603888,34,7474.844025,True,carrot
52.840989,158,7492.42278,False,carrot
20.202443,36,7499.757481,False,carrot
115.263269,25,7507.065024,True,potato
114.382105,18,7513.564497,True,potato
112.923952,19,7520.184958,True,potato
105.258484,18,7528.208228,True,wheat
106.139332,26,7535.871209,True,wheat
105.454353,16,7541.768036,True,wheat
7.827042,23,7548.27975,False,carrot
19.881904,32,7555.654445,False,carrot
114.342105,19,7562.257599,True,carrot
118.259986,21,7568.897914,True,carrot
120.421549,30,7576.217677,True,carrot
115.943557,18,7581.830932,True,carrot
117.609184,24,7588.597447,True,potato
113.308823,19,7595.089575,True,potato
115.807021,23,7601.655147,True,potato
103.883952,15,7607.399334,True,wheat
105.978703,19,7613.169832,True,wheat
103.056188,20,7618.854161,True,wheat
115.912597,18,7625.772635,True,carrot
123.419638,40,7634.032523,True,carrot
114.859315,22,7640.542971,True,carrot
106.949444,20,7646.844598,True,wheat
110.559427,46,7655.246676,True,wheat
104.42351,19,7661.717237,True,wheat
123.775092,39,7668.534496,True,potato
115.039346,23,7674.489594,True,potato
117.269936,22,7681.114334,True,potato
113.801767,18,7687.03401,True,potato
116.559544,26,7693.966994,True,potato
114.728397,23,7700.083745,True,potato
119.307049,25,7708.022714,True,carrot
117.617042,24,7716.145798,True,carrot
117.840015,21,7722.622994,True,carrot
52.58789,200,7744.228861,False,wheat
105.222105,17,7749.911548,True,wheat
104.888187,19,7755.651213,True,wheat
116.783217,25,7761.607622,True,carrot
115.632597,20,7768.006942,True,carrot
118.157042,21,7774.461046,True,carrot
103.890275,21,7781.708826,True,wheat
101.553902,17,7788.645054,True,wheat
105.69156,23,7795.431195,True,wheat
115.961967,25,7802.621391,True,potato
114.471274,24,7810.51353,True,potato
112.588484,22,7815.909285,True,potato
116.601105,23,7822.51466,True,carrot
117.360663,25,7828.490884,True,carrot
39.557444,114,7842.117035,False,carrot
114.05588,19,7848.625498,True,potato
114.408823,23,7855.198508,True,potato
113.619516,23,7862.192938,True,potato
106.665047,26,7869.475235,True,wheat
115.391315,49,7877.845193,True,wheat
101.661789,17,7883.399701,True,wheat
115.08833,25,7891.357582,True,potato
17.278052,30,7898.509425,False,potato
115.061507,25,7905.918442,True,potato
115.596905,24,7913.311979,True,carrot
118.381759,29,7921.683266,True,carrot
114.585049,18,7927.271812,True,carrot
107.506779,27,7934.010577,True,wheat
105.833557,17,7939.936311,True,wheat
105.393428,20,7946.457728,True,wheat
113.153557,24,7952.470769,True,potato
113.72588,18,7958.855829,True,potato
115.28655,27,7965.222505,True,potato
118.404098,21,7971.899319,True,carrot
114.541346,23,7977.952261,True,carrot
116.000591,28,7985.912176,True,carrot
103.933952,20,7991.650168,True,wheat
2.95588,19,7998.269526,False,wheat
105.119516,18,8003.811039,True,wheat
49.318529,200,8023.704908,False,carrot
121.06368,31,8030.820405,True,carrot
115.997952,22,8037.869867,True,carrot
115.448563,23,8044.80713,True,potato
113.148823,18,8051.483434,True,potato
114.715404,27,8057.927614,True,potato
104.138397,21,8064.138703,True,wheat
49.35189,200,8095.469948,False,wheat
104.039652,22,8104.428932,True,wheat
113.845049,19,8110.95265,True,potato
117.889832,26,8117.956818,True,potato
115.91554,23,8124.63302,True,potato
118.527509,28,8130.80556,True,carrot
118.784696,31,8139.204246,True,carrot
62.217633,200,8158.268313,False,carrot
105.778685,20,8163.929133,True,wheat
103.371767,19,8169.35457,True,wheat
105.400137,25,8176.164498,True,wheat
13.982117,22,8182.982413,False,carrot
114.14246,20,8189.664751,True,carrot
112.923952,19,8195.572493,True,carrot
115.373557,21,8201.35266,True,potato
113.79833,26,8208.566567,True,potato
113.07588,21,8216.135145,True,potato
103.76588,17,8222.466546,True,wheat
59.776599,200,8243.392101,False,wheat
102.402055,19,8249.036154,True,wheat
106.662438,19,8255.611668,True,wheat
41.494502,200,8275.038828,False,wheat
101.384003,17,8280.524832,True,wheat
115.330613,22,8288.030457,True,potato
115.275454,23,8294.137072,True,potato
116.251507,18,8300.29761,True,potato
12.028065,27,8307.137601,False,carrot
119.49879,37,8315.179466,True,carrot
45.42864,200,8336.540698,False,carrot
117.945952,26,8343.100189,True,carrot
113.143952,21,8349.861168,True,carrot
117.4955,24,8355.770954,True,carrot
114.79554,21,8363.735279,True,potato
115.284573,20,8371.016667,True,potato
14.357992,20,8377.17032,False,potato
106.290613,18,8383.387981,True,wheat
105.345049,14,8390.280952,True,wheat
110.673749,32,8397.689767,True,wheat
105.055049,15,8404.858536,True,wheat
105.198397,20,8411.522359,True,wheat
104.938823,17,8417.220294,True,wheat
113.802597,26,8424.017353,True,potato
116.448563,20,8429.431028,True,potato
116.51655,25,8436.490357,True,potato
15.707952,25,8442.535446,False,carrot
115.940613,22,8450.503933,True,carrot
114.495404,20,8457.080208,True,carrot
113.441008,18,8462.776317,True,potato
113.553952,17,8469.236613,True,potato
114.306855,24,8475.656159,True,potato
1.297727,17,8482.107819,False,wheat
102.878823,16,8488.565047,True,wheat
57.702483,200,8508.112486,False,wheat
58.388064,200,8528.86867,False,carrot
116.075454,23,8535.790981,True,carrot
104.112105,20,8541.293986,True,carrot
113.523952,21,8547.888065,True,potato
114.909516,22,8555.580978,True,potato
119.720514,49,8564.90362,True,potato
110.947407,34,8573.313679,True,wheat
106.856007,22,8579.801762,True,wheat
103.881008,15,8586.45179,True,wheat
114.50246,21,8593.092641,True,carrot
54.439804,200,8623.346324,False,carrot
114.032105,20,8631.887292,True,carrot
112.669466,23,8640.506652,True,potato
113.595049,24,8651.124187,True,potato
114.402958,22,8659.435623,True,potato
104.65246,18,8666.43557,True,wheat
102.888327,15,8672.563189,True,wheat
107.251944,26,8680.541256,True,wheat
6.433606,22,8687.933845,False,carrot
119.051082,23,8694.867021,True,carrot
17.769986,22,8701.720936,False,carrot
114.612105,16,8710.330266,True,carrot
115.325454,23,8718.917295,True,carrot
115.9665,20,8726.002768,True,carrot
115.56554,18,8732.595126,True,potato
114.772936,16,8740.676703,True,potato
114.51833,23,8747.55677,True,potato
103.291008,21,8756.401467,True,wheat
107.908781,28,8764.121128,True,wheat
103.09424,18,8771.265705,True,wheat
15.51833,23,8778.481071,False,carrot
117.264048,17,8787.903228,True,carrot
117.827042,23,8795.2681,True,carrot
113.428065,20,8803.596307,True,potato
116.483606,24,8811.390916,True,potato
114.102936,21,8818.276903,True,potato
106.322438,20,8825.166718,True,wheat
104.452936,16,8833.989281,True,wheat
50.820737,200,8853.677484,False,wheat
55.75367,200,8872.820797,False,wheat
107.070015,24,8879.922847,True,wheat
103.909603,23,8885.850817,True,wheat
116.494048,24,8893.211178,True,potato
116.443912,19,8899.811687,True,potato
56.228877,200,8919.902469,False,potato
113.64246,22,8927.916834,True,carrot
117.814098,24,8935.292313,True,carrot
55.38809,200,8956.97435,False,carrot
117.624703,24,8963.418238,True,carrot
118.210591,22,8969.980773,True,carrot
113.002105,25,8976.723963,True,carrot
103.883952,15,8982.80241,True,wheat
108.63651,25,8989.384281,True,wheat
103.307727,16,8994.73254,True,wheat
114.686838,34,9001.693521,True,potato
115.766352,28,9008.45817,True,potato
113.548065,22,9014.682585,True,potato
122.11547,41,9022.893864,True,carrot
118.313872,29,9028.995512,True,carrot
123.939479,37,9037.604967,True,carrot
102.609131,20,9044.018602,True,wheat
102.461169,17,9049.463378,True,wheat
104.221008,19,9055.710475,True,wheat
116.78655,22,9061.460948,True,potato
116.183606,22,9068.639125,True,potato
116.61655,25,9076.362425,True,potato
116.519899,31,9083.796281,True,potato
118.561913,23,9092.390544,True,potato
114.019161,27,9099.250609,True,potato
104.55588,16,9105.471524,True,wheat
104.27588,16,9113.869423,True,wheat
106.598089,23,9119.915191,True,wheat
119.300064,22,9126.571193,True,carrot
112.578347,23,9133.839722,True,carrot
116.18655,22,9141.667932,True,carrot
104.752105,17,9148.054645,True,wheat
103.712413,20,9155.181552,True,wheat
114.213906,38,9162.448703,True,wheat
115.25246,21,9169.07457,True,potato
114.008347,24,9174.896251,True,potato
116.591766,22,9180.756359,True,potato
114.048823,18,9187.059084,True,carrot
122.726044,34,9194.598312,True,carrot
115.595742,22,9201.375327,True,carrot
113.465049,21,9207.706368,True,potato
120.850616,33,9215.802776,True,potato
113.058065,23,9222.730384,True,potato
107.825008,20,9229.393211,True,wheat
111.727108,35,9238.877143,True,wheat
107.403606,19,9246.021949,True,wheat
116.523606,23,9253.40839,True,carrot
4.821274,28,9260.680759,False,carrot
116.115719,26,9266.627545,True,carrot
105.5465,18,9272.95554,True,wheat
102.503952,17,9278.698643,True,wheat
106.433606,22,9285.748688,True,wheat
114.309161,21,9292.651981,True,potato
114.482105,23,9299.331738,True,potato
8.975328,200,9318.347397,False,potato
117.808002,23,9325.242051,True,carrot
116.953606,24,9332.148645,True,carrot
117.07655,21,9339.810274,True,carrot
113.449516,26,9375.065011,True,potato
112.868065,26,9385.290785,True,potato
114.725049,17,9392.596505,True,potato
7.911929,32,9400.401343,False,carrot
116.337616,27,9408.178065,True,carrot
117.414703,27,9416.868079,True,carrot
5.850137,21,9424.238311,False,wheat
104.247234,18,9431.673094,True,wheat
103.798347,20,9438.529211,True,wheat
115.315454,24,9447.209873,True,carrot
116.17655,25,9456.043594,True,carrot
27.765701,200,9476.622205,False,carrot
108.569406,29,9484.70168,True,wheat
103.55424,19,9491.637959,True,wheat
103.591008,16,9498.410346,True,wheat
114.48246,22,9506.22221,True,potato
113.337234,24,9515.725285,True,potato
114.868783,28,9522.701002,True,potato
114.949516,23,9529.650295,True,potato
115.94655,23,9536.4119,True,potato
113.131008,22,9545.368498,True,potato
115.799653,24,9552.769545,True,carrot
117.860164,34,9560.935631,True,carrot
118.077647,26,9568.551531,True,carrot
103.321008,21,9575.429891,True,wheat
106.32655,21,9582.237769,True,wheat
105.88655,24,9588.738218,True,wheat
13.025049,24,9596.662432,False,potato
113.998065,19,9602.591681,True,potato
114.765404,23,9610.533657,True,potato
114.755281,17,9617.386218,True,carrot
115.332105,18,9624.063202,True,carrot
115.297234,25,9632.176537,True,carrot
105.052105,15,9639.839557,True,wheat
107.119494,20,9647.519574,True,wheat
105.625454,24,9655.619682,True,wheat
115.773557,21,9663.972751,True,potato
114.333459,28,9672.014118,True,potato
112.025404,30,9680.217668,True,potato
49.121161,200,9706.569935,False,wheat
105.585387,20,9715.10637,True,wheat
61.122296,200,9738.625049,False,wheat
115.27833,26,9746.307974,True,carrot
117.073606,21,9753.38937,True,carrot
115.025454,25,9762.687618,True,carrot
115.963557,20,9771.094959,True,potato
112.541839,25,9779.294085,True,potato
113.63246,24,9786.522147,True,potato
6.622775,24,9794.270414,False,wheat
103.983952,19,9800.766407,True,wheat
105.409516,17,9808.38841,True,wheat
115.069516,20,9817.288327,True,carrot
119.605374,32,9826.008362,True,carrot
116.643606,23,9832.952384,True,carrot
104.37246,18,9840.534296,True,wheat
104.091767,20,9848.102851,True,wheat
102.198846,16,9854.853789,True,wheat
115.472105,17,9861.700485,True,potato
115.591105,25,9869.901456,True,potato
114.2765,26,9877.925736,True,potato
115.032597,21,9884.647111,True,carrot
114.17246,23,9894.942999,True,carrot
115.325454,23,9903.410719,True,carrot
113.938823,19,9910.706003,True,carrot
117.286124,31,9918.856694,True,carrot
115.139516,22,9926.265959,True,carrot
115.615454,22,9933.53541,True,potato
113.349466,21,9941.170777,True,potato
114.995454,28,9949.652998,True,potato
103.553952,20,9959.136854,True,wheat
102.68246,24,9968.538972,True,wheat
103.185357,17,9976.914429,True,wheat
118.090995,31,9987.246585,True,carrot
25.499526,125,10003.025052,False,carrot
114.070177,20,10010.787697,True,carrot
55.648883,200,10031.77656,False,wheat
106.23251,19,10038.538387,True,wheat
105.27833,19,10044.676589,True,wheat
114.79246,20,10051.626978,True,potato
113.20246,26,10059.121478,True,potato
115.61251,22,10066.057676,True,potato
115.532438,21,10072.693226,True,potato
112.753952,17,10079.318321,True,potato
114.795404,20,10086.654588,True,potato
112.983952,20,10094.139107,True,carrot
113.553952,17,10100.935572,True,carrot
16.243212,49,10109.703705,False,carrot
105.509161,16,10115.893862,True,wheat
106.119653,19,10122.888565,True,wheat
105.969161,17,10129.621005,True,wheat
106.492726,19,10137.676292,True,wheat
105.052105,15,10144.953281,True,wheat
103.369603,19,10151.701063,True,wheat
115.182105,18,10158.049027,True,carrot
15.465202,21,10165.649751,False,carrot
120.119928,31,10173.531678,True,carrot
115.27251,23,10180.395172,True,potato
113.263952,18,10186.447755,True,potato
116.430591,24,10194.712473,True,potato
14.109516,22,10201.77005,False,carrot
111.93067,18,10208.35924,True,carrot
116.947121,23,10217.619639,True,carrot
116.349443,28,10225.601166,True,potato
113.206235,25,10233.142727,True,potato
113.83833,25,10240.020914,True,potato
58.802347,200,10259.517597,False,wheat
105.3865,22,10266.576444,True,wheat
103.858823,21,10275.523569,True,wheat
104.15833,22,10283.118051,True,wheat
105.839494,24,10291.234342,True,wheat
104.100523,24,10298.952971,True,wheat
115.83833,20,10306.441659,True,carrot
116.343606,25,10314.486391,True,carrot
117.217904,25,10321.752287,True,carrot
115.80655,24,10328.401331,True,potato
113.406896,19,10335.719113,True,potato
